date,open,high,low,close,volume,sma8,sma21,sma55,sma200,ema8,ema21,ema55,ema200,ema_state,close_vs_ema200_pct,close_vs_sma200_pct,rsi14,atr14,vol20_avg,vol_ratio20,sma200_start_date,sma200_end_date,sma200_window_count,rsi_start_date,close_check
2025-04-21,56.9,57.69,52.56,54.42,3176000,,,,,54.42,54.42,54.42,54.42,混合,0.0,,,,,,,,,,54.42
2025-04-22,55.51,56.93,54.54,55.31,2487700,,,,,54.62,54.5,54.45,54.43,完整多头,1.62,,,,,,,,,,55.31
2025-04-23,60.74,62.98,59.32,60.15,4450300,,,,,55.85,55.01,54.66,54.49,完整多头,10.4,,,,,,,,,,60.15
2025-04-24,62.01,64.98,61.18,64.55,3024500,,,,,57.78,55.88,55.01,54.59,完整多头,18.25,,,,,,,,,,64.55
2025-04-25,63.97,67.14,63.2,66.11,2982800,,,,,59.63,56.81,55.41,54.7,完整多头,20.86,,,,,,,,,,66.11
2025-04-28,66.48,67.44,64.35,66.08,1869500,,,,,61.06,57.65,55.79,54.81,完整多头,20.55,,,,,,,,,,66.08
2025-04-29,65.68,66.52,64.6,65.65,1508700,,,,,62.08,58.38,56.14,54.92,完整多头,19.53,,,,,,,,,,65.65
2025-04-30,62.51,65.36,62.31,65.31,1747300,62.2,,,,62.8,59.01,56.47,55.03,完整多头,18.69,,,,,,,,,,65.31
2025-05-01,68.6,70.5,68.25,69.22,3831900,64.05,,,,64.23,59.94,56.92,55.17,完整多头,25.48,,,,,,,,,,69.22
2025-05-02,71.59,73.06,70.93,71.27,3199700,66.04,,,,65.79,60.97,57.43,55.33,完整多头,28.82,,,,,,,,,,71.27
2025-05-05,70.75,73.47,70.64,72.15,3061700,67.54,,,,67.21,61.99,57.96,55.49,完整多头,30.01,,,,,,,,,,72.15
2025-05-06,69.54,72.35,68.64,71.36,4119700,68.39,,,,68.13,62.84,58.44,55.65,完整多头,28.23,,,,,,,,,,71.36
2025-05-07,67.36,71.3,63.4,71.09,8750800,69.02,,,,68.79,63.59,58.89,55.81,完整多头,27.39,,,,,,,,,,71.09
2025-05-08,72.93,73.81,69.83,71.64,4703000,69.71,,,,69.42,64.32,59.35,55.96,完整多头,28.01,,,,,,,,,,71.64
2025-05-09,71.7,73.46,69.26,71.2,2695800,70.4,,,,69.82,64.95,59.77,56.11,完整多头,26.88,,89.2,4.21,,,,,,2025-04-22 00:00:00,71.2
2025-05-12,80.04,81.27,76.53,80.28,6342000,72.28,,,,72.14,66.34,60.5,56.35,完整多头,42.45,,92.6,4.63,,,,,,2025-04-22 00:00:00,80.28
2025-05-13,81.32,88.22,81.14,87.76,6657300,74.59,,,,75.61,68.29,61.47,56.67,完整多头,54.87,,94.2,4.87,,,,,,2025-04-22 00:00:00,87.76
2025-05-14,90.36,92.24,86.85,90.66,6112000,77.02,,,,78.96,70.32,62.52,57.01,完整多头,59.04,,94.7,4.91,,,,,,2025-04-22 00:00:00,90.66
2025-05-15,88.4,93.39,88.15,92.19,4407000,79.52,,,,81.9,72.31,63.58,57.36,完整多头,60.73,,94.9,4.93,,,,,,2025-04-22 00:00:00,92.19
2025-05-16,92.16,92.59,89.05,90.56,3859300,81.92,,,,83.82,73.97,64.54,57.69,完整多头,56.99,,90.3,4.83,3949350.0,1.0,,,,2025-04-22 00:00:00,90.56
2025-05-19,87.32,90.98,87.27,90.29,3560900,84.32,72.73,,,85.26,75.45,65.46,58.01,完整多头,55.64,,89.5,4.75,3968595.0,0.9,,,,2025-04-22 00:00:00,90.29
2025-05-20,90.0,94.7,89.03,94.46,4388300,87.17,74.63,,,87.3,77.18,66.5,58.37,完整多头,61.82,,90.8,4.82,4063625.0,1.1,,,,2025-04-22 00:00:00,94.46
2025-05-21,93.58,96.11,90.63,92.17,5401900,89.8,76.39,,,88.38,78.54,67.41,58.71,完整多头,56.99,,84.5,4.86,4111205.0,1.3,,,,2025-04-22 00:00:00,92.17
2025-05-22,92.56,98.18,91.62,94.3,4741500,91.55,78.01,,,89.7,79.97,68.37,59.06,完整多头,59.66,,85.5,4.98,4197055.0,1.1,,,,2025-04-22 00:00:00,94.3
2025-05-23,90.99,95.25,90.7,94.62,3227000,92.41,79.45,,,90.79,81.31,69.31,59.42,完整多头,59.25,,85.6,4.95,4209265.0,0.8,,,,2025-04-22 00:00:00,94.62
2025-05-27,97.25,99.29,96.4,97.54,3560800,93.27,80.94,,,92.29,82.78,70.32,59.8,完整多头,63.12,,87.0,4.93,4293830.0,0.8,,,,2025-04-22 00:00:00,97.54
2025-05-28,98.03,99.24,96.41,96.46,3388300,93.8,82.39,,,93.22,84.03,71.25,60.16,完整多头,60.33,,83.9,4.78,4387810.0,0.8,,,,2025-04-22 00:00:00,96.46
2025-05-29,100.0,100.19,96.23,96.61,3732700,94.56,83.86,,,93.97,85.17,72.16,60.52,完整多头,59.62,,83.9,4.72,4487080.0,0.8,,,,2025-04-22 00:00:00,96.61
2025-05-30,94.6,94.79,87.29,90.72,11139300,94.61,85.07,,,93.25,85.67,72.82,60.82,混合,49.15,,68.5,5.05,4852450.0,2.3,,,,2025-04-22 00:00:00,90.72
2025-06-02,89.93,93.18,89.65,92.92,2897200,94.42,86.2,,,93.18,86.33,73.54,61.14,混合,51.97,,70.7,4.94,4837325.0,0.6,,,,2025-04-22 00:00:00,92.92
2025-06-03,94.86,97.0,93.8,95.09,3533700,94.78,87.34,,,93.6,87.13,74.31,61.48,完整多头,54.66,,72.7,4.88,4860925.0,0.7,,,,2025-04-22 00:00:00,95.09
2025-06-04,96.0,98.24,95.02,95.22,3552800,94.9,88.44,,,93.96,87.86,75.06,61.82,完整多头,54.03,,72.8,4.76,4832580.0,0.7,,,,2025-04-22 00:00:00,95.22
2025-06-05,95.84,96.88,89.88,90.71,4126900,94.41,89.36,,,93.24,88.12,75.61,62.11,混合,46.06,,62.6,4.92,4601385.0,0.9,,,,2025-04-22 00:00:00,90.71
2025-06-06,92.64,92.96,89.81,90.75,2852300,93.56,90.29,,,92.69,88.36,76.15,62.39,混合,45.46,,62.6,4.8,4508850.0,0.6,,,,2025-04-22 00:00:00,90.75
2025-06-09,91.7,93.58,90.27,92.35,2650700,93.05,91.28,,,92.61,88.72,76.73,62.69,混合,47.32,,64.7,4.69,4506595.0,0.6,,,,2025-04-22 00:00:00,92.35
2025-06-10,93.0,94.0,88.59,91.46,2461500,92.4,92.24,,,92.36,88.97,77.26,62.97,混合,45.23,,62.6,4.74,4312570.0,0.6,,,,2025-04-22 00:00:00,91.46
2025-06-11,92.03,96.0,89.81,94.54,4590400,92.88,92.92,,,92.84,89.48,77.88,63.29,完整多头,49.38,,66.6,4.84,4209225.0,1.1,,,,2025-04-22 00:00:00,94.54
2025-06-12,93.75,97.24,92.51,94.34,2853700,93.06,93.24,,,93.17,89.92,78.46,63.6,完整多头,48.34,,66.1,4.84,4046310.0,0.7,,,,2025-04-22 00:00:00,94.34
2025-06-13,91.0,94.2,89.29,89.73,3499700,92.39,93.19,,,92.41,89.9,78.87,63.86,混合,40.52,,55.9,4.85,4000945.0,0.9,,,,2025-04-22 00:00:00,89.73
2025-06-16,91.4,98.1,91.4,95.3,3180600,92.4,93.34,,,93.05,90.39,79.45,64.17,完整多头,48.51,,63.3,5.1,3967010.0,0.8,,,,2025-04-22 00:00:00,95.3
2025-06-17,94.75,97.0,92.8,92.91,2829200,92.67,93.45,,,93.02,90.62,79.93,64.46,混合,44.14,,58.7,5.04,3930425.0,0.7,,,,2025-04-22 00:00:00,92.91
2025-06-18,93.1,99.66,92.5,99.53,4531300,93.77,93.89,,,94.47,91.43,80.63,64.81,完整多头,53.58,,66.0,5.19,3937575.0,1.2,,,,2025-04-22 00:00:00,99.53
2025-06-20,101.3,101.82,91.8,93.07,8081000,93.86,93.83,,,94.16,91.58,81.08,65.09,混合,43.0,,55.7,5.54,4071530.0,2.0,,,,2025-04-22 00:00:00,93.07
2025-06-23,92.45,93.67,85.75,85.95,7162000,93.17,93.53,,,92.33,91.07,81.25,65.29,混合,31.63,,47.0,5.71,4192555.0,1.7,,,,2025-04-22 00:00:00,85.95
2025-06-24,88.0,88.95,85.25,87.26,7533800,92.26,93.19,,,91.21,90.72,81.47,65.51,混合,33.2,,48.6,5.56,4407895.0,1.7,,,,2025-04-22 00:00:00,87.26
2025-06-25,88.7,89.93,84.78,89.63,5739700,91.67,92.96,,,90.86,90.62,81.76,65.75,混合,36.31,,51.4,5.53,4516840.0,1.3,,,,2025-04-22 00:00:00,89.63
2025-06-26,91.06,99.76,91.0,97.96,7538300,92.7,92.98,,,92.43,91.29,82.34,66.07,完整多头,48.26,,59.8,5.86,4724340.0,1.6,,,,2025-04-22 00:00:00,97.96
2025-06-27,97.61,97.94,89.98,91.02,10062400,92.17,92.72,,,92.12,91.27,82.65,66.32,混合,37.24,,51.8,6.01,5040825.0,2.0,,,,2025-04-22 00:00:00,91.02
2025-06-30,92.25,93.98,89.7,90.42,3981500,91.86,92.42,,,91.74,91.19,82.92,66.56,混合,35.84,,51.2,5.89,4682935.0,0.9,,,,2025-04-22 00:00:00,90.42
2025-07-01,89.21,91.06,85.85,88.66,4345000,90.5,92.32,,,91.06,90.96,83.13,66.78,混合,32.76,,49.2,5.84,4755325.0,0.9,,,,2025-04-22 00:00:00,88.66
2025-07-02,88.05,92.68,87.14,88.57,3756600,89.93,92.12,,,90.5,90.74,83.32,67.0,混合,32.2,,49.1,5.82,4766470.0,0.8,,,,2025-04-22 00:00:00,88.57
2025-07-03,89.86,93.17,89.0,90.8,2438900,90.54,91.91,,,90.57,90.75,83.59,67.23,混合,35.05,,51.8,5.73,4710775.0,0.5,,,,2025-04-22 00:00:00,90.8
2025-07-07,90.23,91.28,89.15,89.62,2707900,90.84,91.65,,,90.36,90.65,83.81,67.46,混合,32.85,,50.3,5.47,4639825.0,0.6,,,,2025-04-22 00:00:00,89.62
2025-07-08,90.06,93.45,90.06,92.3,3590900,91.17,91.72,,,90.79,90.8,84.11,67.7,混合,36.33,,53.6,5.36,4676755.0,0.8,,,,2025-04-22 00:00:00,92.3
2025-07-09,94.0,100.21,93.54,99.86,5640300,91.41,92.16,85.17,,92.81,91.62,84.67,68.02,完整多头,46.8,,61.3,5.54,4826235.0,1.2,,,,2025-04-22 00:00:00,99.86
2025-07-10,103.21,103.5,92.8,97.02,6412800,92.16,92.38,85.94,,93.74,92.11,85.11,68.31,完整多头,42.02,,57.4,5.91,5023800.0,1.3,,,,2025-04-22 00:00:00,97.02
2025-07-11,96.0,99.56,95.22,95.9,2883800,92.84,92.59,86.68,,94.22,92.46,85.5,68.59,完整多头,39.82,,55.9,5.8,4938470.0,0.6,,,,2025-04-22 00:00:00,95.9
2025-07-14,95.01,95.4,88.18,90.32,5518400,93.05,92.39,87.23,,93.35,92.26,85.67,68.8,混合,31.27,,49.1,5.93,5071705.0,1.1,,,,2025-04-22 00:00:00,90.32
2025-07-15,94.09,94.14,90.59,92.36,3086000,93.52,92.3,87.73,,93.13,92.27,85.91,69.04,混合,33.78,,51.4,5.78,5051020.0,0.6,,,,2025-04-22 00:00:00,92.36
2025-07-16,92.47,93.18,88.73,91.94,3654000,93.67,92.4,88.2,,92.87,92.24,86.12,69.27,混合,32.73,,50.9,5.69,5074690.0,0.7,,,,2025-04-22 00:00:00,91.94
2025-07-17,92.3,99.14,90.9,97.95,5308500,94.71,92.53,88.78,,94.0,92.76,86.55,69.55,完整多头,40.83,,57.5,5.87,5198655.0,1.0,,,,2025-04-22 00:00:00,97.95
2025-07-18,99.79,103.99,96.79,102.13,5569300,95.93,92.97,89.44,,95.8,93.61,87.1,69.88,完整多头,46.16,,61.4,5.96,5250555.0,1.1,,,,2025-04-22 00:00:00,102.13
2025-07-21,110.78,124.21,110.67,121.89,14105700,98.69,94.03,90.47,,101.6,96.18,88.35,70.39,完整多头,73.16,,73.7,7.12,5551790.0,2.5,,,,2025-04-22 00:00:00,121.89
2025-07-22,116.0,118.0,107.64,116.91,7687400,101.18,95.17,91.34,,105.0,98.07,89.37,70.86,完整多头,65.0,,67.9,7.62,5578060.0,1.4,,,,2025-04-22 00:00:00,116.91
2025-07-23,119.95,125.45,116.01,119.48,6306000,104.12,96.76,92.22,,108.22,100.01,90.44,71.34,完整多头,67.48,,69.2,7.75,5516670.0,1.1,,,,2025-04-22 00:00:00,119.48
2025-07-24,121.01,122.93,118.15,121.68,3316800,108.04,98.4,93.12,,111.21,101.98,91.56,71.84,完整多头,69.37,,70.4,7.54,5395525.0,0.6,,,,2025-04-22 00:00:00,121.68
2025-07-25,120.61,123.61,120.11,122.23,2648300,111.78,99.95,94.04,,113.66,103.82,92.65,72.34,完整多头,68.96,,70.7,7.25,5151025.0,0.5,,,,2025-04-22 00:00:00,122.23
2025-07-28,126.17,129.5,121.76,124.05,4654800,115.79,101.2,95.01,,115.97,105.66,93.77,72.86,完整多头,70.27,,71.7,7.29,4880645.0,1.0,,,,2025-04-22 00:00:00,124.05
2025-07-29,124.87,125.8,116.51,118.41,6874400,118.35,102.5,95.86,,116.51,106.82,94.65,73.31,完整多头,61.52,,64.3,7.43,5025290.0,1.4,,,,2025-04-22 00:00:00,118.41
2025-07-30,121.68,130.78,120.98,128.87,7972700,121.69,104.33,96.9,,119.26,108.83,95.88,73.86,完整多头,74.47,,70.4,7.78,5206675.0,1.5,,,,2025-04-22 00:00:00,128.87
2025-07-31,132.11,143.15,131.8,136.73,8339800,123.55,106.62,97.93,,123.14,111.36,97.34,74.49,完整多头,83.56,,74.0,8.25,5435835.0,1.5,,,,2025-04-22 00:00:00,136.73
2025-08-01,126.57,134.11,124.02,131.1,6940300,125.32,108.65,98.72,,124.91,113.16,98.54,75.05,完整多头,74.68,,67.6,8.57,5660905.0,1.2,,,,2025-04-22 00:00:00,131.1
2025-08-04,137.23,142.46,135.0,137.93,5934100,127.62,110.89,99.58,,127.8,115.41,99.95,75.68,完整多头,82.26,,70.9,8.77,5822215.0,1.0,,,,2025-04-22 00:00:00,137.93
2025-08-05,138.86,142.23,134.21,135.54,6941100,129.36,113.08,100.37,,129.52,117.24,101.22,76.27,完整多头,77.7,,68.3,8.71,5989725.0,1.2,,,,2025-04-22 00:00:00,135.54
2025-08-06,164.99,183.62,160.47,174.39,17234700,135.88,116.99,101.89,,139.49,122.43,103.83,77.25,完整多头,125.75,,80.7,11.52,6569445.0,2.6,,,,2025-04-22 00:00:00,174.39
2025-08-07,175.0,175.5,165.13,170.89,8765700,141.73,120.37,103.36,,146.47,126.84,106.23,78.18,完整多头,118.58,,77.7,11.44,6687090.0,1.3,,,,2025-04-22 00:00:00,170.89
2025-08-08,170.01,180.67,169.47,179.28,7065300,149.34,124.28,104.9,,153.76,131.61,108.84,79.19,完整多头,126.4,,79.7,11.42,6896165.0,1.0,,,,2025-04-22 00:00:00,179.28
2025-08-11,179.11,185.75,175.6,179.43,4769100,155.66,128.26,106.48,,159.47,135.95,111.36,80.18,完整多头,123.77,,79.7,11.33,6858700.0,0.7,,,,2025-04-22 00:00:00,179.43
2025-08-12,180.91,193.77,180.62,192.0,7065400,162.57,133.1,108.26,,166.7,141.05,114.24,81.3,完整多头,136.17,,82.3,11.55,7057670.0,1.0,,,,2025-04-22 00:00:00,192.0
2025-08-13,193.66,199.47,186.02,193.64,4835000,170.39,137.93,110.06,,172.68,145.83,117.07,82.41,完整多头,134.96,,82.6,11.68,7116720.0,0.7,,,,2025-04-22 00:00:00,193.64
2025-08-14,187.0,192.37,185.61,190.69,4518900,176.98,142.63,111.75,,176.68,149.91,119.7,83.49,完整多头,128.39,,79.9,11.42,7077240.0,0.6,,,,2025-04-22 00:00:00,190.69
2025-08-15,185.0,187.29,181.0,185.85,4143400,183.27,146.82,113.38,,178.72,153.18,122.06,84.51,完整多头,119.91,,75.4,11.3,7005945.0,0.6,,,,2025-04-22 00:00:00,185.85
2025-08-18,183.96,187.18,176.0,186.43,4705100,184.78,150.83,115.01,,180.43,156.2,124.36,85.52,完整多头,117.98,,75.6,11.29,6535915.0,0.7,,,,2025-04-22 00:00:00,186.43
2025-08-19,183.99,185.34,170.0,171.06,5361200,184.8,153.17,116.47,,178.35,157.55,126.03,86.38,混合,98.04,,62.7,11.66,6419605.0,0.8,,,,2025-04-22 00:00:00,171.06
2025-08-20,168.0,172.8,161.39,172.45,5902600,183.94,155.82,117.92,,177.04,158.9,127.69,87.23,混合,97.69,,63.3,11.64,6399435.0,0.9,,,,2025-04-22 00:00:00,172.45
2025-08-21,173.9,180.47,171.85,177.53,4750700,183.71,158.58,119.42,,177.15,160.6,129.47,88.13,完整多头,101.44,,65.5,11.42,6471130.0,0.7,,,,2025-04-22 00:00:00,177.53
2025-08-22,175.88,186.18,174.58,179.09,4006500,182.09,161.31,120.94,,177.58,162.28,131.24,89.04,完整多头,101.14,,66.2,11.44,6539040.0,0.6,,,,2025-04-22 00:00:00,179.09
2025-08-25,177.97,179.1,172.01,174.15,3580600,179.66,163.79,122.46,,176.82,163.36,132.77,89.88,混合,93.75,,62.1,11.13,6485330.0,0.6,,,,2025-04-22 00:00:00,174.15
2025-08-26,174.5,180.91,174.15,178.56,2859200,178.14,166.38,124.06,,177.21,164.74,134.41,90.77,完整多头,96.73,,64.2,10.81,6284570.0,0.5,,,,2025-04-22 00:00:00,178.56
2025-08-27,183.15,184.49,176.03,179.2,2543400,177.31,169.28,125.64,,177.65,166.05,136.01,91.65,完整多头,95.54,,64.5,10.65,6013105.0,0.4,,,,2025-04-22 00:00:00,179.2
2025-08-28,182.5,191.29,182.35,189.15,4732500,177.65,172.15,127.41,,180.2,168.15,137.91,92.62,完整多头,104.23,,69.1,10.75,5832740.0,0.8,,,,2025-04-22 00:00:00,189.15
2025-08-29,189.15,189.31,178.56,182.2,3750400,179.04,174.31,129.01,,180.65,169.43,139.49,93.51,完整多头,94.85,,63.0,10.75,5673245.0,0.7,,,,2025-04-22 00:00:00,182.2
2025-09-02,177.13,180.7,167.5,174.24,5872300,179.26,176.37,130.46,,179.22,169.87,140.73,94.31,混合,84.75,,56.9,11.03,5670155.0,1.0,,,,2025-04-22 00:00:00,174.24
2025-09-03,174.76,179.99,172.5,176.61,3227700,179.15,178.21,132.04,,178.64,170.48,142.01,95.13,混合,85.65,,58.2,10.78,5484485.0,0.6,,,,2025-04-22 00:00:00,176.61
2025-09-04,178.9,188.05,174.51,187.95,7121100,180.26,180.7,133.72,,180.71,172.07,143.65,96.05,完整多头,95.67,,63.8,10.98,4978805.0,1.4,,,,2025-04-22 00:00:00,187.95
2025-09-05,194.5,197.37,184.0,191.2,6502900,182.39,181.5,135.51,,183.04,173.81,145.35,97.0,完整多头,97.11,,65.3,11.15,4865665.0,1.3,,,,2025-04-22 00:00:00,191.2
2025-09-08,194.7,220.69,194.01,216.1,9797800,187.08,183.66,137.63,,190.39,177.65,147.88,98.18,完整多头,120.1,,73.9,12.46,5002290.0,2.0,,,,2025-04-22 00:00:00,216.1
2025-09-09,213.3,217.92,208.28,214.49,4669700,191.49,185.33,139.84,,195.74,181.0,150.26,99.34,完整多头,115.91,,72.7,12.26,4997320.0,0.9,,,,2025-04-22 00:00:00,214.49
2025-09-10,225.43,230.88,217.0,230.37,6204600,196.65,187.76,142.46,,203.44,185.49,153.12,100.65,完整多头,128.89,,76.8,12.55,4954280.0,1.3,,,,2025-04-22 00:00:00,230.37
2025-09-11,233.74,237.82,228.51,232.9,4051900,202.98,189.71,145.11,,209.99,189.8,155.97,101.96,完整多头,128.42,,77.4,12.32,4915125.0,0.8,,,,2025-04-22 00:00:00,232.9
2025-09-12,233.0,234.77,226.0,229.5,3699000,209.89,191.42,147.65,,214.32,193.41,158.59,103.23,完整多头,122.32,,74.7,12.07,4874130.0,0.8,,,,2025-04-22 00:00:00,229.5
2025-09-15,229.0,235.88,226.2,231.29,3254200,216.72,193.35,150.08,,218.09,196.85,161.19,104.5,完整多头,121.32,,75.2,11.9,4829670.0,0.7,,,,2025-04-22 00:00:00,231.29
2025-09-16,232.89,241.29,231.99,238.79,4370700,223.08,195.87,152.77,,222.69,200.67,163.96,105.84,完整多头,125.61,,77.2,11.76,4812950.0,0.9,,,,2025-04-22 00:00:00,238.79
2025-09-17,244.23,252.6,236.36,249.38,5925300,230.35,198.87,155.66,,228.62,205.09,167.01,107.27,完整多头,132.48,,79.7,12.08,4841155.0,1.2,,,,2025-04-22 00:00:00,249.38
2025-09-18,255.0,262.9,244.05,251.88,6183800,234.82,202.72,158.62,,233.79,209.35,170.04,108.71,完整多头,131.7,,80.3,12.56,4855215.0,1.3,,,,2025-04-22 00:00:00,251.88
2025-09-19,245.31,249.61,231.18,245.2,22438600,238.66,206.18,161.47,,236.33,212.61,172.73,110.07,完整多头,122.78,,74.4,13.14,5739610.0,3.9,,,,2025-04-22 00:00:00,245.2
2025-09-22,239.88,243.2,232.0,237.3,6360500,239.53,209.03,164.13,,236.54,214.85,175.03,111.33,完整多头,113.15,,68.1,13.15,5857310.0,1.1,,,,2025-04-22 00:00:00,237.3
2025-09-23,236.49,236.49,219.25,230.11,6143600,239.18,211.46,166.69,,235.11,216.24,177.0,112.51,混合,104.52,,62.8,13.5,5985460.0,1.0,,,,2025-04-22 00:00:00,230.11
2025-09-24,212.0,213.69,195.68,205.27,13345500,236.15,212.94,168.74,,228.48,215.24,178.01,113.44,混合,80.96,,48.8,14.99,6509775.0,2.1,,,,2025-04-22 00:00:00,205.27
2025-09-25,192.55,205.17,191.66,200.64,6227700,232.32,213.99,170.58,,222.29,213.91,178.82,114.3,混合,75.53,,46.7,14.9,6693990.0,0.9,,,,2025-04-22 00:00:00,200.64
2025-09-26,200.54,201.99,193.25,197.78,3317800,227.2,214.87,172.41,,216.85,212.45,179.49,115.14,混合,71.78,,45.4,14.46,6623255.0,0.5,,,,2025-04-22 00:00:00,197.78
2025-09-29,208.21,209.54,198.29,198.8,4092200,220.87,215.33,174.28,,212.84,211.21,180.18,115.97,混合,71.43,,46.0,14.26,6640345.0,0.6,,,,2025-04-22 00:00:00,198.8
2025-09-30,200.69,205.4,189.28,195.8,5498600,213.86,215.98,176.2,,209.05,209.81,180.74,116.76,混合,67.69,,44.5,14.4,6621660.0,0.8,,,,2025-04-22 00:00:00,195.8
2025-10-01,191.79,195.88,186.12,194.5,4896100,207.53,216.95,178.05,,205.82,208.41,181.23,117.54,混合,65.48,,43.8,14.06,6705080.0,0.7,,,,2025-04-22 00:00:00,194.5
2025-10-02,200.0,211.69,198.2,209.6,6604100,204.06,218.52,180.19,,206.66,208.52,182.25,118.45,混合,76.95,,52.6,14.29,6679230.0,1.0,,,,2025-04-22 00:00:00,209.6
2025-10-03,212.5,214.29,198.28,200.74,5188100,200.39,219.13,182.06,,205.34,207.81,182.91,119.27,混合,68.31,,47.9,14.41,6613490.0,0.8,,,,2025-04-22 00:00:00,200.74
2025-10-06,228.56,232.0,217.0,220.81,8726000,202.33,220.54,184.22,,208.78,209.0,184.26,120.28,混合,83.58,,57.3,15.61,6559900.0,1.3,,,,2025-04-22 00:00:00,220.81
2025-10-07,221.11,224.12,205.92,212.1,4777100,203.77,220.35,185.86,,209.52,209.28,185.25,121.19,完整多头,75.01,,52.8,15.8,6565270.0,0.7,,,,2025-04-22 00:00:00,212.1
2025-10-08,214.74,219.68,211.34,219.36,3672400,206.46,220.58,187.72,,211.7,210.19,186.47,122.17,完整多头,79.55,,55.9,15.27,6438660.0,0.6,,,,2025-04-22 00:00:00,219.36
2025-10-09,222.0,229.75,219.15,225.43,4635500,209.79,220.34,189.65,,214.75,211.58,187.86,123.2,完整多头,82.98,,58.4,14.93,6467840.0,0.7,,,,2025-04-22 00:00:00,225.43
2025-10-10,226.17,230.0,205.82,206.21,6984400,211.09,219.07,191.19,,212.86,211.09,188.52,124.02,混合,66.27,,49.1,15.59,6632110.0,1.1,,,,2025-04-22 00:00:00,206.21
2025-10-13,214.46,216.27,196.0,199.53,7648900,211.72,217.64,192.59,,209.89,210.04,188.91,124.78,混合,59.91,,46.3,15.93,6851845.0,1.1,,,,2025-04-22 00:00:00,199.53
2025-10-14,183.84,184.0,160.12,161.55,17592500,205.72,214.32,193.27,,199.15,205.63,187.94,125.14,混合,29.09,,34.5,17.6,7512935.0,2.3,,,,2025-04-22 00:00:00,161.55
2025-10-15,170.57,170.58,158.35,161.46,7563300,200.81,210.64,194.06,,190.78,201.62,186.99,125.5,混合,28.65,,34.4,17.22,7594835.0,1.0,,,,2025-04-22 00:00:00,161.46
2025-10-16,163.96,167.41,159.8,163.55,6249700,193.65,206.55,194.69,,184.73,198.16,186.15,125.88,混合,29.92,,35.5,16.53,7598130.0,0.8,,,,2025-04-22 00:00:00,163.55
2025-10-17,159.63,160.26,154.5,159.8,5850400,187.11,202.17,195.11,,179.19,194.67,185.21,126.22,混合,26.61,,34.4,16.0,6768720.0,0.9,,,,2025-04-22 00:00:00,159.8
2025-10-20,155.01,159.75,153.4,156.31,5762700,179.23,197.94,195.56,,174.1,191.18,184.18,126.52,混合,23.55,,33.4,15.31,6738830.0,0.9,,,,2025-04-22 00:00:00,156.31
2025-10-21,154.5,161.2,150.33,157.51,4556800,170.74,194.14,195.92,,170.42,188.12,183.23,126.83,混合,24.19,,34.1,15.0,6659490.0,0.7,,,,2025-04-22 00:00:00,157.51
2025-10-22,153.86,158.27,148.51,154.85,5274100,164.32,190.55,196.27,,166.96,185.1,182.21,127.11,混合,21.83,,33.3,14.62,6255920.0,0.8,,,,2025-04-22 00:00:00,154.85
2025-10-23,154.89,166.33,154.89,163.64,5211800,159.83,188.57,196.08,,166.22,183.15,181.55,127.47,混合,28.38,,38.7,14.4,6205125.0,0.8,,,,2025-04-22 00:00:00,163.64
2025-10-24,167.6,170.2,164.34,164.97,4528100,160.26,186.87,195.97,,165.94,181.49,180.96,127.84,混合,29.04,,39.5,13.84,6265640.0,0.7,,,,2025-04-22 00:00:00,164.97
2025-10-27,171.0,174.23,168.0,170.28,3950300,161.36,185.56,195.8,,166.91,180.47,180.58,128.26,混合,32.76,,42.8,13.51,6258545.0,0.6,,,,2025-04-22 00:00:00,170.28
2025-10-28,172.0,174.93,166.73,168.25,2931100,161.95,184.11,195.6,,167.2,179.36,180.14,128.66,混合,30.77,,41.8,13.13,6130170.0,0.5,,,,2025-04-22 00:00:00,168.25
2025-10-29,171.0,175.5,169.5,173.62,3182900,163.68,183.05,195.27,,168.63,178.84,179.9,129.11,混合,34.47,,45.2,12.71,6044510.0,0.5,,,,2025-04-22 00:00:00,173.62
2025-10-30,168.01,175.64,167.42,169.55,3084500,165.33,181.86,194.83,,168.83,178.0,179.53,129.51,混合,30.91,,43.2,12.39,5868530.0,0.5,,,,2025-04-22 00:00:00,169.55
2025-10-31,181.5,201.86,181.0,186.68,9392300,168.98,180.77,194.76,,172.8,178.79,179.79,130.08,混合,43.51,,52.8,13.81,6078740.0,1.5,,,,2025-04-22 00:00:00,186.68
2025-11-03,191.38,198.24,187.5,191.56,6035600,173.57,180.33,194.86,,176.97,179.95,180.21,130.69,混合,46.57,,55.1,13.65,5944220.0,1.0,,,,2025-04-22 00:00:00,191.56
2025-11-04,181.37,193.21,179.31,179.31,8955900,175.53,178.36,194.73,,177.49,179.89,180.18,131.18,混合,36.69,,48.6,13.67,6153160.0,1.5,,,,2025-04-22 00:00:00,179.31
2025-11-05,184.07,191.4,172.72,181.94,9339600,177.65,176.92,194.93,,178.48,180.08,180.24,131.68,混合,38.17,,50.0,14.03,6436520.0,1.5,,,,2025-04-22 00:00:00,181.94
2025-11-06,181.72,184.0,162.38,162.83,6767600,176.72,174.23,194.75,,175.0,178.51,179.62,131.99,混合,23.36,,41.4,14.57,6543125.0,1.0,,,,2025-04-22 00:00:00,162.83
2025-11-07,157.12,165.49,151.61,165.49,6400400,176.37,171.38,194.53,,172.89,177.32,179.11,132.33,混合,25.06,,42.9,14.52,6513925.0,1.0,,,,2025-04-22 00:00:00,165.49
2025-11-10,173.0,176.8,167.55,173.74,4846600,176.39,169.83,194.44,,173.08,177.0,178.92,132.74,混合,30.89,,47.3,14.29,6373810.0,0.8,,,,2025-04-22 00:00:00,173.74
2025-11-11,170.06,174.37,166.54,167.55,3254700,176.14,168.31,194.32,,171.85,176.14,178.52,133.08,混合,25.9,,44.5,13.83,5656920.0,0.6,,,,2025-04-22 00:00:00,167.55
2025-11-12,167.76,167.96,153.95,157.79,5811900,172.53,168.13,193.94,,168.72,174.47,177.78,133.33,混合,18.35,,40.5,13.84,5569350.0,1.0,,,,2025-04-22 00:00:00,157.79
2025-11-13,154.99,155.07,137.91,144.47,7824600,166.64,167.32,193.31,,163.33,171.74,176.59,133.44,混合,8.27,,35.7,14.27,5648095.0,1.4,,,,2025-04-22 00:00:00,144.47
2025-11-14,139.23,151.4,136.64,144.34,5697400,162.27,166.4,192.49,,159.11,169.25,175.43,133.55,混合,8.08,,35.7,14.31,5640445.0,1.0,,,,2025-04-22 00:00:00,144.34
2025-11-17,145.38,147.49,137.43,141.39,5409900,157.2,165.53,191.75,,155.18,166.72,174.22,133.63,混合,5.81,,34.6,14.01,5622805.0,1.0,,,,2025-04-22 00:00:00,141.39
2025-11-18,138.1,144.05,136.81,139.52,4069800,154.29,164.73,191.12,,151.7,164.25,172.98,133.69,混合,4.36,,33.9,13.52,5598455.0,0.7,,,,2025-04-22 00:00:00,139.52
2025-11-19,139.53,144.71,137.8,142.01,4224900,151.35,163.99,190.49,,149.54,162.23,171.87,133.77,混合,6.16,,35.7,13.05,5545995.0,0.8,,,,2025-04-22 00:00:00,142.01
2025-11-20,154.48,160.77,137.55,139.29,10310800,147.04,163.25,189.61,,147.27,160.14,170.71,133.82,混合,4.09,,34.6,13.78,5800945.0,1.8,,,,2025-04-22 00:00:00,139.29
2025-11-21,138.6,143.92,131.42,141.8,6831400,143.83,162.21,188.71,,146.05,158.47,169.68,133.9,混合,5.9,,36.6,13.69,5916110.0,1.2,,,,2025-04-22 00:00:00,141.8
2025-11-24,145.73,151.61,145.0,147.75,13436500,142.57,161.39,187.47,,146.43,157.5,168.89,134.04,混合,10.23,,41.1,13.41,6390420.0,2.1,,,,2025-04-22 00:00:00,147.75
2025-11-25,143.51,145.34,136.54,144.78,4269000,142.61,160.17,186.2,,146.06,156.34,168.03,134.15,混合,7.93,,39.6,13.25,6457315.0,0.7,,,,2025-04-22 00:00:00,144.78
2025-11-26,145.61,156.68,144.04,154.22,5194200,143.84,159.51,184.81,,147.87,156.15,167.54,134.35,混合,14.79,,46.4,13.21,6557880.0,0.8,,,,2025-04-22 00:00:00,154.22
2025-11-28,157.09,158.42,152.33,157.57,2422200,145.87,158.74,183.44,,150.03,156.28,167.18,134.58,混合,17.08,,48.6,12.7,6524765.0,0.4,,,,2025-04-22 00:00:00,157.57
2025-12-01,155.62,173.2,152.81,165.19,7596000,149.08,158.53,182.27,,153.4,157.09,167.11,134.88,混合,22.47,,53.3,13.25,6434950.0,1.2,,,,2025-04-22 00:00:00,165.19
2025-12-02,172.31,182.53,142.51,142.94,17797300,149.19,156.45,180.67,,151.07,155.8,166.25,134.96,混合,5.91,,41.4,15.16,7023035.0,2.5,,,,2025-04-22 00:00:00,142.94
2025-12-03,150.32,153.6,144.67,152.5,7766100,150.84,154.59,179.1,,151.39,155.5,165.76,135.14,混合,12.85,,46.9,14.84,6963545.0,1.1,,,,2025-04-22 00:00:00,152.5
2025-12-04,150.99,154.0,147.0,152.51,3813700,152.18,153.32,177.34,,151.64,155.23,165.28,135.31,混合,12.71,,46.9,14.28,6687250.0,0.6,,,,2025-04-22 00:00:00,152.51
2025-12-05,154.85,163.12,154.14,161.23,4414100,153.87,152.33,175.69,,153.77,155.78,165.14,135.57,混合,18.93,,51.7,14.02,6569575.0,0.7,,,,2025-04-22 00:00:00,161.23
2025-12-08,162.9,176.65,161.55,175.74,8033300,157.74,152.94,174.43,,158.65,157.59,165.52,135.97,混合,29.25,,58.4,14.12,6651220.0,1.2,,,,2025-04-22 00:00:00,175.74
2025-12-09,164.09,171.71,163.51,167.08,5018900,159.35,153.02,173.15,,160.53,158.45,165.57,136.28,混合,22.6,,53.6,13.98,6659835.0,0.8,,,,2025-04-22 00:00:00,167.08
2025-12-10,166.57,167.2,162.61,164.32,2947500,160.19,152.57,171.95,,161.37,158.99,165.53,136.56,混合,20.33,,52.1,13.31,6644475.0,0.4,,,,2025-04-22 00:00:00,164.32
2025-12-11,161.63,174.4,153.25,173.7,5541100,161.25,152.86,171.38,,164.11,160.32,165.82,136.93,混合,26.86,,56.5,13.87,6630935.0,0.8,,,,2025-04-22 00:00:00,173.7
2025-12-12,172.49,172.49,146.88,148.85,10324300,161.99,152.44,170.44,,160.72,159.28,165.22,137.04,混合,8.61,,44.8,14.8,6755920.0,1.5,,,,2025-04-22 00:00:00,148.85
2025-12-15,150.5,152.19,143.08,143.66,5503000,160.89,152.4,169.45,,156.93,157.86,164.45,137.11,混合,4.78,,42.8,14.39,6746200.0,0.8,,,,2025-04-22 00:00:00,143.66
2025-12-16,141.55,147.25,140.61,144.94,3551000,159.94,152.43,168.47,,154.26,156.69,163.75,137.19,混合,5.65,,43.5,13.84,6653255.0,0.5,,,,2025-04-22 00:00:00,144.94
2025-12-17,149.77,152.76,140.1,140.24,4513500,157.32,152.37,167.46,,151.15,155.19,162.91,137.22,混合,2.2,,41.6,13.75,6675440.0,0.7,,,,2025-04-22 00:00:00,140.24
2025-12-18,144.99,148.88,143.68,145.88,3374700,153.58,152.68,166.58,,149.98,154.34,162.3,137.3,混合,6.25,,44.7,13.39,6632930.0,0.5,,,,2025-04-22 00:00:00,145.88
2025-12-19,145.96,166.93,145.96,164.4,9627000,153.25,153.74,165.76,,153.18,155.26,162.38,137.57,混合,19.5,,53.6,13.93,6598740.0,1.5,,,,2025-04-22 00:00:00,164.4
2025-12-22,166.92,175.39,166.51,172.62,4824700,154.29,155.33,165.25,,157.5,156.84,162.74,137.92,混合,25.16,,56.9,13.72,6498405.0,0.7,,,,2025-04-22 00:00:00,172.62
2025-12-23,166.75,171.83,164.55,168.83,2505700,153.68,156.62,164.3,,160.02,157.93,162.96,138.23,混合,22.14,,54.9,13.32,5951865.0,0.4,,,,2025-04-22 00:00:00,168.83
2025-12-24,169.02,172.33,167.52,169.97,1280000,156.32,157.67,163.54,,162.23,159.02,163.21,138.55,混合,22.68,,55.4,12.71,5802415.0,0.2,,,,2025-04-22 00:00:00,169.97
2025-12-26,172.13,172.88,166.1,167.26,2089500,159.27,158.75,162.59,,163.35,159.77,163.35,138.83,混合,20.48,,53.9,12.29,5647180.0,0.4,,,,2025-04-22 00:00:00,167.26
2025-12-29,163.85,170.61,160.8,170.1,1939500,162.41,159.5,161.58,,164.85,160.71,163.6,139.14,混合,22.25,,55.3,12.11,5623045.0,0.3,,,,2025-04-22 00:00:00,170.1
2025-12-30,170.52,175.98,167.5,170.84,2401600,166.24,160.13,160.94,,166.18,161.63,163.85,139.46,混合,22.5,,55.7,11.85,5363325.0,0.4,,,,2025-04-22 00:00:00,170.84
2025-12-31,170.5,174.22,166.3,166.36,2438500,168.8,160.19,160.34,,166.22,162.06,163.94,139.73,混合,19.06,,52.8,11.57,4595385.0,0.5,,,,2025-04-22 00:00:00,166.36
2026-01-02,171.68,182.9,171.68,179.56,5658900,170.69,161.93,160.66,,169.18,163.65,164.5,140.12,混合,28.14,,59.4,11.93,4490025.0,1.3,,,,2025-04-22 00:00:00,179.56
2026-01-05,184.98,185.18,162.53,167.11,7579600,170.0,162.63,160.77,,168.72,163.97,164.59,140.39,混合,19.03,,52.0,12.69,4678320.0,1.6,,,,2025-04-22 00:00:00,167.11
2026-01-06,166.51,166.89,151.1,161.01,8028800,169.03,163.03,160.72,,167.01,163.7,164.47,140.6,混合,14.52,,48.8,12.93,4859055.0,1.7,,,,2025-04-22 00:00:00,161.01
2026-01-07,158.0,168.49,153.2,165.77,5045900,168.5,163.25,160.83,,166.73,163.89,164.51,140.85,混合,17.7,,51.3,13.1,4709685.0,1.1,,,,2025-04-22 00:00:00,165.77
2026-01-08,164.97,167.8,155.55,156.73,3936000,167.19,162.34,160.84,,164.51,163.24,164.23,141.01,混合,11.15,,46.6,13.04,4655540.0,0.8,,,,2025-04-22 00:00:00,156.73
2026-01-09,158.06,164.5,155.64,162.61,4093700,166.25,162.13,160.93,,164.09,163.18,164.18,141.22,混合,15.15,,49.9,12.74,4712850.0,0.9,,,,2025-04-22 00:00:00,162.61
2026-01-12,160.44,175.8,160.25,172.57,4439100,166.47,162.52,161.25,,165.97,164.03,164.48,141.53,混合,21.93,,54.8,12.94,4657750.0,1.0,,,,2025-04-22 00:00:00,172.57
2026-01-13,175.0,183.5,172.8,180.56,4457100,168.24,162.85,161.56,,169.21,165.53,165.05,141.92,完整多头,27.23,,58.4,12.8,4364390.0,1.0,,,,2025-04-22 00:00:00,180.56
2026-01-14,176.05,176.05,167.1,172.14,3622800,167.31,163.96,161.69,,169.86,166.14,165.3,142.22,完整多头,21.04,,53.6,12.84,4270380.0,0.8,,,,2025-04-22 00:00:00,172.14
2026-01-15,176.61,180.66,170.46,174.45,3906800,168.23,165.43,161.77,,170.88,166.89,165.63,142.54,完整多头,22.39,,54.7,12.65,4288170.0,0.9,,,,2025-04-22 00:00:00,174.45
2026-01-16,179.09,188.0,177.71,182.0,5422800,170.85,167.19,162.02,,173.35,168.26,166.22,142.93,完整多头,27.33,,58.2,12.72,4333635.0,1.3,,,,2025-04-22 00:00:00,182.0
2026-01-20,173.37,189.8,173.02,183.75,5298300,173.1,169.26,162.2,,175.66,169.67,166.84,143.34,完整多头,28.19,,59.0,13.01,4429815.0,1.2,,,,2025-04-22 00:00:00,183.75
2026-01-21,184.88,184.88,165.3,176.01,6687300,175.51,170.7,162.32,,175.74,170.25,167.17,143.67,完整多头,22.51,,54.1,13.48,4282830.0,1.6,,,,2025-04-22 00:00:00,176.01
2026-01-22,180.6,182.01,170.54,176.35,4011400,177.23,171.27,162.13,,175.88,170.8,167.5,143.99,完整多头,22.47,,54.3,13.33,4242165.0,0.9,,,,2025-04-22 00:00:00,176.35
2026-01-23,177.21,178.0,163.53,169.66,6106400,176.86,171.13,161.73,,174.49,170.7,167.57,144.25,混合,17.62,,50.2,13.42,4422200.0,1.4,,,,2025-04-22 00:00:00,169.66
2026-01-26,168.13,173.52,162.74,163.25,4026900,174.7,170.86,161.44,,172.0,170.02,167.42,144.44,混合,13.03,,46.5,13.23,4559545.0,0.9,,,,2025-04-22 00:00:00,163.25
2026-01-27,164.36,171.69,160.98,170.93,3385300,174.55,170.91,161.24,,171.76,170.1,167.55,144.7,混合,18.13,,51.1,13.05,4624335.0,0.7,,,,2025-04-22 00:00:00,170.93
2026-01-28,172.48,176.68,165.37,167.9,3801200,173.73,170.94,161.33,,170.9,169.9,167.56,144.93,混合,15.85,,49.3,12.92,4717420.0,0.8,,,,2025-04-22 00:00:00,167.9
2026-01-29,166.6,167.29,154.05,160.46,4376600,171.04,170.48,161.24,,168.58,169.05,167.3,145.08,混合,10.6,,45.1,12.99,4816170.0,0.9,,,,2025-04-22 00:00:00,160.46
2026-01-30,158.81,161.17,149.13,150.62,4281200,166.9,169.51,160.82,,164.59,167.37,166.71,145.14,混合,3.78,,40.2,12.92,4908305.0,0.9,,,,2025-04-22 00:00:00,150.62
2026-02-02,148.0,153.64,146.76,152.44,3132600,163.95,168.85,160.54,,161.89,166.01,166.2,145.21,混合,4.98,,41.5,12.49,4781990.0,0.7,,,,2025-04-22 00:00:00,152.44
2026-02-03,155.78,163.0,150.5,158.52,5290000,161.72,167.85,160.56,,161.14,165.33,165.92,145.34,混合,9.07,,45.6,12.49,4667510.0,1.1,,,,2025-04-22 00:00:00,158.52
2026-02-04,158.5,159.5,141.44,144.67,5743600,158.6,166.78,160.56,146.07,157.48,163.45,165.17,145.34,混合,-0.46,-0.96,38.9,12.89,4553250.0,1.3,2025-04-21 00:00:00,2026-02-04 00:00:00,200.0,2025-04-22 00:00:00,144.67
2026-02-05,140.01,145.65,137.5,142.82,4476900,156.05,165.91,160.53,146.51,154.22,161.58,164.37,145.31,混合,-1.72,-2.52,38.1,12.55,4524800.0,1.0,2025-04-22 00:00:00,2026-02-05 00:00:00,200.0,2025-04-22 00:00:00,142.82
2026-02-06,152.43,170.01,151.42,169.85,7290600,155.91,166.11,161.05,147.08,157.7,162.33,164.56,145.56,混合,16.69,15.48,53.3,13.6,4692530.0,1.6,2025-04-23 00:00:00,2026-02-06 00:00:00,200.0,2025-04-22 00:00:00,169.85
2026-02-09,169.58,188.43,169.0,187.67,7420600,158.38,167.58,161.93,147.72,164.36,164.63,165.39,145.98,混合,28.56,27.04,60.3,14.01,4858875.0,1.5,2025-04-24 00:00:00,2026-02-09 00:00:00,200.0,2025-04-22 00:00:00,187.67
2026-02-10,191.6,192.86,181.01,182.86,8429900,161.18,168.55,162.67,148.31,168.47,166.29,166.01,146.34,完整多头,24.95,23.29,57.8,13.86,5058415.0,1.7,2025-04-25 00:00:00,2026-02-10 00:00:00,200.0,2025-04-22 00:00:00,182.86
2026-02-11,160.76,162.0,141.66,143.71,16419400,160.32,167.17,162.75,148.7,162.97,164.24,165.22,146.32,混合,-1.78,-3.36,42.4,15.81,5656530.0,2.9,2025-04-28 00:00:00,2026-02-11 00:00:00,200.0,2025-04-22 00:00:00,143.71
2026-02-12,146.08,148.8,126.05,126.58,11444100,157.09,164.6,162.47,149.0,154.88,160.81,163.84,146.12,混合,-13.37,-15.05,37.6,16.31,6047595.0,1.9,2025-04-29 00:00:00,2026-02-12 00:00:00,200.0,2025-04-22 00:00:00,126.58
2026-02-13,128.0,133.29,122.57,129.32,7735800,153.44,162.56,162.14,149.32,149.2,157.95,162.6,145.95,混合,-11.4,-13.4,38.8,15.91,6239045.0,1.2,2025-04-30 00:00:00,2026-02-13 00:00:00,200.0,2025-04-22 00:00:00,129.32
2026-02-17,126.34,126.64,117.41,123.69,7105700,150.81,160.15,161.75,149.61,143.53,154.84,161.21,145.73,混合,-15.12,-17.33,37.3,15.62,6323190.0,1.1,2025-05-01 00:00:00,2026-02-17 00:00:00,200.0,2025-04-22 00:00:00,123.69
2026-02-18,124.56,131.67,122.81,129.58,4355200,149.16,157.65,161.31,149.92,140.43,152.54,160.08,145.57,混合,-10.98,-13.57,40.0,15.14,6276035.0,0.7,2025-05-02 00:00:00,2026-02-18 00:00:00,200.0,2025-04-22 00:00:00,129.58
2026-02-19,128.7,133.2,127.4,132.62,2904600,144.5,155.21,160.85,150.22,138.7,150.73,159.1,145.44,混合,-8.82,-11.72,41.4,14.47,6086900.0,0.5,2025-05-05 00:00:00,2026-02-19 00:00:00,200.0,2025-04-22 00:00:00,132.62
2026-02-20,130.31,135.2,128.26,129.68,3640700,137.26,153.01,160.21,150.51,136.69,148.82,158.05,145.29,混合,-10.74,-13.84,40.4,13.93,6068365.0,0.6,2025-05-06 00:00:00,2026-02-20 00:00:00,200.0,2025-04-22 00:00:00,129.68
2026-02-23,127.23,128.56,123.45,128.24,3023600,130.43,150.72,159.94,150.8,134.81,146.95,156.99,145.12,混合,-11.63,-14.96,39.9,13.38,5914225.0,0.5,2025-05-07 00:00:00,2026-02-23 00:00:00,200.0,2025-04-22 00:00:00,128.24
2026-02-24,129.69,131.48,126.5,128.4,2894000,128.51,148.75,159.5,151.08,133.39,145.26,155.97,144.95,混合,-11.42,-15.01,40.0,12.78,5857580.0,0.5,2025-05-08 00:00:00,2026-02-24 00:00:00,200.0,2025-04-22 00:00:00,128.4
2026-02-25,128.25,129.0,121.74,128.15,5330300,128.71,147.08,159.06,151.36,132.22,143.7,154.97,144.78,混合,-11.49,-15.34,39.9,12.39,5954830.0,0.9,2025-05-09 00:00:00,2026-02-25 00:00:00,200.0,2025-04-22 00:00:00,128.15
2026-02-26,126.8,127.29,120.96,124.67,3800700,128.13,144.88,158.39,151.63,130.55,141.97,153.89,144.58,混合,-13.77,-17.78,38.5,12.02,5954805.0,0.6,2025-05-12 00:00:00,2026-02-26 00:00:00,200.0,2025-04-22 00:00:00,124.67
2026-02-27,122.66,124.0,117.5,118.83,5156500,127.52,142.54,157.36,151.82,127.94,139.87,152.64,144.33,混合,-17.67,-21.73,36.1,11.67,5993800.0,0.9,2025-05-13 00:00:00,2026-02-27 00:00:00,200.0,2025-04-22 00:00:00,118.83
2026-03-02,112.97,121.33,112.13,120.55,4652100,126.39,140.64,156.51,151.99,126.3,138.11,151.49,144.09,混合,-16.34,-20.68,37.3,11.5,6012345.0,0.8,2025-05-14 00:00:00,2026-03-02 00:00:00,200.0,2025-04-22 00:00:00,120.55
2026-03-03,115.02,115.24,107.08,109.8,5896200,123.54,138.7,155.52,152.08,122.63,135.54,150.0,143.75,混合,-23.62,-27.8,33.1,11.64,6150525.0,1.0,2025-05-15 00:00:00,2026-03-03 00:00:00,200.0,2025-04-22 00:00:00,109.8
2026-03-04,111.93,116.71,109.2,113.77,5440100,121.55,136.86,154.43,152.19,120.66,133.56,148.71,143.45,混合,-20.69,-25.25,36.0,11.34,6158030.0,0.9,2025-05-16 00:00:00,2026-03-04 00:00:00,200.0,2025-04-22 00:00:00,113.77
2026-03-05,119.54,124.19,117.38,120.0,6435300,120.52,135.02,153.91,152.34,120.52,132.33,147.68,143.22,混合,-16.21,-21.23,40.3,11.28,6192615.0,1.0,2025-05-19 00:00:00,2026-03-05 00:00:00,200.0,2025-04-22 00:00:00,120.0
2026-03-06,116.86,124.45,115.67,119.2,4434000,119.37,133.81,153.46,152.48,120.22,131.13,146.67,142.98,混合,-16.63,-21.83,39.9,11.1,6190470.0,0.7,2025-05-20 00:00:00,2026-03-06 00:00:00,200.0,2025-04-22 00:00:00,119.2
2026-03-09,115.73,122.34,111.76,122.31,5939900,118.64,132.83,153.05,152.62,120.69,130.33,145.8,142.77,混合,-14.33,-19.86,42.2,11.06,6122935.0,1.0,2025-05-21 00:00:00,2026-03-09 00:00:00,200.0,2025-04-22 00:00:00,122.31
2026-03-10,122.02,123.0,115.83,116.48,4284900,117.62,130.29,152.62,152.74,119.75,129.07,144.75,142.51,混合,-18.27,-23.74,39.2,10.78,5966150.0,0.7,2025-05-22 00:00:00,2026-03-10 00:00:00,200.0,2025-04-22 00:00:00,116.48
2026-03-11,116.0,128.15,116.0,124.71,5401700,118.35,127.29,152.24,152.9,120.85,128.68,144.03,142.33,混合,-12.38,-18.44,45.1,10.88,5814740.0,0.9,2025-05-23 00:00:00,2026-03-11 00:00:00,200.0,2025-04-22 00:00:00,124.71
2026-03-12,123.11,124.3,118.05,119.9,3620700,118.27,124.29,151.43,153.02,120.64,127.88,143.17,142.11,混合,-15.63,-21.65,42.5,10.58,5174805.0,0.7,2025-05-27 00:00:00,2026-03-12 00:00:00,200.0,2025-04-22 00:00:00,119.9
2026-03-13,121.28,123.15,117.26,120.31,3447100,119.58,123.18,150.48,153.14,120.57,127.19,142.36,141.89,混合,-15.21,-21.44,42.8,10.24,4774955.0,0.7,2025-05-28 00:00:00,2026-03-13 00:00:00,200.0,2025-04-22 00:00:00,120.31
2026-03-16,123.0,130.14,122.48,127.48,4610400,121.3,123.22,149.72,153.29,122.1,127.22,141.82,141.75,混合,-10.07,-16.84,48.0,10.21,4618685.0,1.0,2025-05-29 00:00:00,2026-03-16 00:00:00,200.0,2025-04-22 00:00:00,127.48
2026-03-17,130.0,135.18,124.86,127.57,5941300,122.24,123.14,148.95,153.45,123.32,127.25,141.32,141.61,混合,-9.91,-16.86,48.0,10.22,4560465.0,1.3,2025-05-30 00:00:00,2026-03-17 00:00:00,200.0,2025-04-22 00:00:00,127.57
2026-03-18,127.06,129.43,123.01,126.34,3844900,123.14,123.27,148.21,153.62,123.99,127.17,140.78,141.46,混合,-10.69,-17.76,47.2,9.95,4534950.0,0.8,2025-06-02 00:00:00,2026-03-18 00:00:00,200.0,2025-04-22 00:00:00,126.34
2026-03-19,123.22,127.43,119.64,126.16,4170300,123.62,123.1,147.41,153.79,124.47,127.07,140.26,141.3,混合,-10.72,-17.97,47.0,9.8,4598235.0,0.9,2025-06-03 00:00:00,2026-03-19 00:00:00,200.0,2025-04-22 00:00:00,126.16
2026-03-20,124.39,124.62,114.75,116.04,8694500,123.56,122.31,146.41,153.9,122.6,126.07,139.39,141.05,空头排列,-17.73,-24.6,40.3,9.91,4850925.0,1.8,2025-06-04 00:00:00,2026-03-20 00:00:00,200.0,2025-04-22 00:00:00,116.04
2026-03-23,117.5,125.1,117.37,123.87,4051700,123.46,122.04,145.64,154.04,122.88,125.87,138.84,140.88,混合,-12.08,-19.59,46.7,9.85,4902330.0,0.8,2025-06-05 00:00:00,2026-03-23 00:00:00,200.0,2025-04-22 00:00:00,123.87
2026-03-24,122.54,124.14,118.6,121.76,2670200,123.69,121.73,144.59,154.19,122.63,125.5,138.23,140.69,空头排列,-13.46,-21.03,45.3,9.54,4891140.0,0.5,2025-06-06 00:00:00,2026-03-24 00:00:00,200.0,2025-04-22 00:00:00,121.76
2026-03-25,124.66,126.53,119.33,120.33,2733300,123.69,121.34,143.74,154.34,122.12,125.03,137.59,140.49,空头排列,-14.35,-22.04,44.3,9.38,4761290.0,0.6,2025-06-09 00:00:00,2026-03-25 00:00:00,200.0,2025-04-22 00:00:00,120.33
2026-03-26,117.17,119.84,113.57,113.61,3102200,121.96,120.65,142.88,154.45,120.23,123.99,136.73,140.22,空头排列,-18.98,-26.44,40.0,9.19,4726365.0,0.7,2025-06-10 00:00:00,2026-03-26 00:00:00,200.0,2025-04-22 00:00:00,113.61
2026-03-27,111.0,114.63,110.84,112.47,2873800,120.07,120.07,141.91,154.55,118.5,122.94,135.87,139.95,空头排列,-19.63,-27.23,39.3,8.8,4612230.0,0.6,2025-06-11 00:00:00,2026-03-27 00:00:00,200.0,2025-04-22 00:00:00,112.47
2026-03-30,112.71,113.11,97.89,100.27,5169600,116.81,119.19,140.88,154.58,114.45,120.88,134.6,139.55,空头排列,-28.15,-35.13,32.7,9.26,4638105.0,1.1,2025-06-12 00:00:00,2026-03-30 00:00:00,200.0,2025-04-22 00:00:00,100.27
2026-03-31,100.69,110.44,100.1,109.6,5104500,114.74,118.67,139.92,154.66,113.37,119.86,133.7,139.25,空头排列,-21.29,-29.13,40.9,9.34,4598520.0,1.1,2025-06-13 00:00:00,2026-03-31 00:00:00,200.0,2025-04-22 00:00:00,109.6
2026-04-01,111.21,112.0,105.86,106.33,4783100,113.53,118.5,138.71,154.74,111.81,118.63,132.73,138.92,空头排列,-23.46,-31.29,39.1,9.11,4565670.0,1.0,2025-06-16 00:00:00,2026-04-01 00:00:00,200.0,2025-04-22 00:00:00,106.33
2026-04-02,101.68,117.31,101.53,117.14,4496100,112.69,118.66,137.56,154.85,112.99,118.49,132.17,138.71,混合,-15.55,-24.35,47.3,9.59,4468710.0,1.0,2025-06-17 00:00:00,2026-04-02 00:00:00,200.0,2025-04-22 00:00:00,117.14
2026-04-06,116.85,122.47,116.72,117.99,2726300,112.22,118.57,136.58,154.98,114.1,118.45,131.66,138.5,混合,-14.81,-23.87,47.9,9.31,4383325.0,0.6,2025-06-18 00:00:00,2026-04-06 00:00:00,200.0,2025-04-22 00:00:00,117.99
2026-04-07,117.28,119.69,114.84,118.99,4452300,112.05,118.56,135.57,155.07,115.19,118.49,131.21,138.31,混合,-13.97,-23.27,48.6,8.99,4308945.0,1.0,2025-06-20 00:00:00,2026-04-07 00:00:00,200.0,2025-04-22 00:00:00,118.99
2026-04-08,128.0,130.0,121.92,125.46,4105900,113.53,118.71,134.54,155.24,117.47,119.13,131.0,138.18,混合,-9.21,-19.18,53.2,9.14,4299995.0,1.0,2025-06-23 00:00:00,2026-04-08 00:00:00,200.0,2025-04-22 00:00:00,125.46
2026-04-09,125.89,129.68,123.5,129.46,3766900,115.65,119.32,133.55,155.45,120.14,120.07,130.95,138.09,混合,-6.25,-16.72,55.9,8.93,4218255.0,0.9,2025-06-24 00:00:00,2026-04-09 00:00:00,200.0,2025-04-22 00:00:00,129.46
2026-04-10,134.73,151.38,134.52,149.05,10909500,121.75,120.48,133.06,155.76,126.56,122.7,131.6,138.2,混合,7.85,-4.31,66.0,9.85,4582695.0,2.4,2025-06-25 00:00:00,2026-04-10 00:00:00,200.0,2025-04-22 00:00:00,149.05
2026-04-13,152.01,167.39,150.3,166.79,10035200,128.9,122.72,132.89,156.15,135.5,126.71,132.85,138.49,混合,20.44,6.82,72.2,10.46,4912100.0,2.0,2025-06-26 00:00:00,2026-04-13 00:00:00,200.0,2025-04-22 00:00:00,166.79
2026-04-14,165.48,171.92,158.5,170.6,7658900,136.94,125.11,132.91,156.51,143.3,130.7,134.2,138.81,混合,22.91,9.0,73.3,10.67,5064525.0,1.5,2025-06-27 00:00:00,2026-04-14 00:00:00,200.0,2025-04-22 00:00:00,170.6
2026-04-15,170.89,175.6,165.94,172.09,5064600,143.8,127.23,133.07,156.92,149.7,134.46,135.55,139.14,混合,23.68,9.67,73.8,10.6,5020690.0,1.0,2025-06-30 00:00:00,2026-04-15 00:00:00,200.0,2025-04-22 00:00:00,172.09
2026-04-16,173.0,173.58,161.05,170.81,4529200,150.41,129.29,133.06,157.32,154.39,137.77,136.81,139.45,混合,22.49,8.58,72.6,10.74,5054905.0,0.9,2025-07-01 00:00:00,2026-04-16 00:00:00,200.0,2025-04-22 00:00:00,170.81
2026-04-17,173.78,175.05,167.24,174.05,5165900,157.29,131.57,133.18,157.75,158.76,141.07,138.14,139.8,混合,24.5,10.34,73.7,10.53,5104685.0,1.0,2025-07-02 00:00:00,2026-04-17 00:00:00,200.0,2025-04-22 00:00:00,174.05
2026-04-20,174.4,176.97,168.2,175.8,4180500,163.58,133.93,133.45,158.18,162.55,144.22,139.49,140.16,混合,25.43,11.14,74.3,10.4,4878985.0,0.9,2025-07-03 00:00:00,2026-04-20 00:00:00,200.0,2025-04-22 00:00:00,175.8
2026-04-21,188.75,196.77,183.5,191.97,10877800,171.4,137.54,134.21,158.69,169.08,148.56,141.36,140.67,完整多头,36.47,20.97,79.1,11.16,5220290.0,2.1,2025-07-07 00:00:00,2026-04-21 00:00:00,200.0,2025-04-22 00:00:00,191.97
2026-04-22,199.07,200.21,187.24,194.06,6144200,177.02,140.89,134.96,159.21,174.63,152.7,143.24,141.2,完整多头,37.43,21.89,79.6,11.29,5393990.0,1.1,2025-07-08 00:00:00,2026-04-22 00:00:00,200.0,2025-04-22 00:00:00,194.06
2026-04-23,190.1,204.49,190.1,197.54,5396500,180.86,144.5,135.67,159.74,179.72,156.78,145.18,141.76,完整多头,39.35,23.67,80.5,11.51,5527150.0,1.0,2025-07-09 00:00:00,2026-04-23 00:00:00,200.0,2025-04-22 00:00:00,197.54
2026-04-24,203.24,214.24,202.62,212.84,6661900,186.14,148.9,136.91,160.3,187.08,161.87,147.6,142.47,完整多头,49.39,32.78,83.8,11.88,5705135.0,1.2,2025-07-10 00:00:00,2026-04-24 00:00:00,200.0,2025-04-22 00:00:00,212.84
2026-04-27,209.66,210.92,193.21,196.64,5422500,189.21,152.85,137.89,160.8,189.21,165.03,149.35,143.01,完整多头,37.5,22.29,70.2,12.43,5832570.0,0.9,2025-07-11 00:00:00,2026-04-27 00:00:00,200.0,2025-04-22 00:00:00,196.64
2026-04-28,181.2,190.1,179.54,183.31,4965300,190.78,156.23,138.14,161.24,187.9,166.7,150.56,143.41,混合,27.82,13.69,61.4,12.77,5822355.0,0.9,2025-07-14 00:00:00,2026-04-28 00:00:00,200.0,2025-04-22 00:00:00,183.31
2026-04-29,187.45,196.97,181.88,196.85,4959700,193.63,160.83,138.3,161.77,189.89,169.44,152.22,143.94,完整多头,36.76,21.69,66.1,12.93,5815115.0,0.9,2025-07-15 00:00:00,2026-04-29 00:00:00,200.0,2025-04-22 00:00:00,196.85
2026-04-30,199.68,200.46,184.21,194.74,5152000,195.99,164.88,138.52,162.28,190.96,171.74,153.74,144.45,完整多头,34.82,20.0,64.8,13.17,5833560.0,0.9,2025-07-16 00:00:00,2026-04-30 00:00:00,200.0,2025-04-22 00:00:00,194.74
2026-05-01,195.98,205.1,192.59,202.68,4343600,197.33,169.47,139.59,162.83,193.57,174.55,155.48,145.03,完整多头,39.75,24.47,67.4,13.12,5825935.0,0.7,2025-07-17 00:00:00,2026-05-01 00:00:00,200.0,2025-04-22 00:00:00,202.68
2026-05-04,204.04,209.38,199.81,201.25,4155500,198.23,173.47,140.95,163.35,195.28,176.98,157.12,145.59,完整多头,38.23,23.2,66.4,12.87,5897395.0,0.7,2025-07-18 00:00:00,2026-05-04 00:00:00,200.0,2025-04-22 00:00:00,201.25
2026-05-05,207.43,220.79,207.32,215.69,8142500,200.5,178.13,142.52,163.92,199.81,180.5,159.21,146.28,完整多头,47.45,31.58,70.9,13.34,6081905.0,1.3,2025-07-21 00:00:00,2026-05-05 00:00:00,200.0,2025-04-22 00:00:00,215.69
2026-05-06,229.75,231.73,202.18,213.91,8553000,200.63,182.65,144.16,164.38,202.94,183.53,161.16,146.96,完整多头,45.56,30.13,69.7,14.5,6304260.0,1.4,2025-07-22 00:00:00,2026-05-06 00:00:00,200.0,2025-04-22 00:00:00,213.91
2026-05-07,212.56,213.49,192.33,195.65,6551400,200.51,185.99,145.36,164.77,201.32,184.64,162.4,147.44,混合,32.7,18.74,58.4,15.01,6443485.0,1.0,2025-07-23 00:00:00,2026-05-07 00:00:00,200.0,2025-04-22 00:00:00,195.65
2026-05-08,202.0,203.5,189.69,199.79,4610100,202.57,189.34,146.58,165.17,200.98,186.01,163.73,147.96,混合,35.03,20.96,60.0,14.92,6128515.0,0.8,2025-07-24 00:00:00,2026-05-08 00:00:00,200.0,2025-04-22 00:00:00,199.79
2026-05-11,196.36,208.36,195.88,207.35,5615400,203.88,192.11,147.99,165.6,202.4,187.95,165.29,148.55,完整多头,39.58,25.21,62.8,14.75,5907525.0,1.0,2025-07-25 00:00:00,2026-05-11 00:00:00,200.0,2025-04-22 00:00:00,207.35
2026-05-12,202.35,214.41,192.6,204.42,5053800,205.09,193.91,149.38,166.01,202.85,189.45,166.69,149.11,完整多头,37.09,23.14,61.0,15.25,5777270.0,0.9,2025-07-28 00:00:00,2026-05-12 00:00:00,200.0,2025-04-22 00:00:00,204.42
2026-05-13,206.98,224.76,204.55,224.09,6415600,207.77,196.45,151.12,166.51,207.57,192.6,168.74,149.85,完整多头,49.54,34.58,67.6,15.62,5844820.0,1.1,2025-07-29 00:00:00,2026-05-13 00:00:00,200.0,2025-04-22 00:00:00,224.09
2026-05-14,224.83,230.33,215.8,228.64,4615000,211.19,199.15,152.95,167.06,212.25,195.88,170.88,150.64,完整多头,51.78,36.86,68.9,15.54,5849110.0,0.8,2025-07-30 00:00:00,2026-05-14 00:00:00,200.0,2025-04-22 00:00:00,228.64
2026-05-15,216.5,239.76,210.42,232.68,5941800,213.32,202.09,154.91,167.58,216.79,199.22,173.08,151.45,完整多头,53.63,38.84,70.1,16.52,5887905.0,1.0,2025-07-31 00:00:00,2026-05-15 00:00:00,200.0,2025-04-22 00:00:00,232.68
2026-05-18,236.19,236.7,210.02,215.58,6161300,213.52,204.07,156.67,167.98,216.52,200.71,174.6,152.09,混合,41.74,28.34,59.9,17.25,5986945.0,1.0,2025-08-01 00:00:00,2026-05-18 00:00:00,200.0,2025-04-22 00:00:00,215.58
2026-05-19,212.96,255.96,210.55,244.26,9430500,219.6,207.33,158.92,168.54,222.69,204.67,177.09,153.01,完整多头,59.64,44.92,68.2,19.26,5914580.0,1.6,2025-08-04 00:00:00,2026-05-19 00:00:00,200.0,2025-04-22 00:00:00,244.26
2026-05-20,251.41,287.7,250.44,287.48,10294600,230.56,211.88,162.15,169.29,237.08,212.2,181.03,154.35,完整多头,86.25,69.81,76.2,20.99,6122100.0,1.7,2025-08-05 00:00:00,2026-05-20 00:00:00,200.0,2025-04-22 00:00:00,287.48
2026-05-21,285.1,298.36,281.91,297.84,7004300,241.87,216.82,165.5,170.1,250.59,219.98,185.2,155.78,完整多头,91.2,75.09,77.7,20.66,6202490.0,1.1,2025-08-06 00:00:00,2026-05-21 00:00:00,200.0,2025-04-22 00:00:00,297.84
2026-05-22,300.0,315.81,299.94,306.88,6527300,254.68,222.03,168.89,170.76,263.1,227.88,189.55,157.28,完整多头,95.12,79.71,78.9,20.47,6195760.0,1.1,2025-08-07 00:00:00,2026-05-22 00:00:00,200.0,2025-04-22 00:00:00,306.88
2026-05-26,315.0,321.99,290.5,318.72,8114900,266.51,227.07,172.52,171.5,275.46,236.14,194.16,158.89,完整多头,100.6,85.84,80.4,21.26,6330380.0,1.3,2025-08-08 00:00:00,2026-05-26 00:00:00,200.0,2025-04-22 00:00:00,318.72
2026-05-27,323.5,326.97,305.73,325.33,5140900,278.6,233.2,176.21,172.23,286.54,244.25,198.85,160.54,完整多头,102.64,88.89,81.2,21.26,6339160.0,0.8,2025-08-11 00:00:00,2026-05-27 00:00:00,200.0,2025-04-22 00:00:00,325.33
2026-05-28,334.08,354.53,326.66,349.17,5591800,293.16,241.1,180.44,173.08,300.46,253.79,204.22,162.42,完整多头,114.98,101.74,83.8,21.82,6370765.0,0.9,2025-08-12 00:00:00,2026-05-28 00:00:00,200.0,2025-04-22 00:00:00,349.17
2026-05-29,348.0,350.87,329.61,342.85,5979200,309.07,248.05,184.41,173.84,309.88,261.88,209.17,164.21,完整多头,108.78,97.22,80.6,21.78,6412125.0,0.9,2025-08-13 00:00:00,2026-05-29 00:00:00,200.0,2025-04-22 00:00:00,342.85
2026-06-01,328.12,333.43,316.0,320.09,5559100,318.55,254.02,188.05,174.47,312.15,267.17,213.13,165.77,完整多头,93.1,83.46,70.3,22.15,6472900.0,0.9,2025-08-14 00:00:00,2026-06-01 00:00:00,200.0,2025-04-22 00:00:00,320.09
2026-06-02,324.62,356.39,322.47,355.76,5572700,327.08,261.31,192.33,175.29,321.84,275.23,218.22,167.66,完整多头,112.2,102.95,75.6,23.16,6543760.0,0.9,2025-08-15 00:00:00,2026-06-02 00:00:00,200.0,2025-04-22 00:00:00,355.76
2026-06-03,363.55,372.37,337.0,363.54,5309500,335.29,269.03,196.62,176.18,331.11,283.26,223.41,169.6,完整多头,114.35,106.34,76.6,24.03,6402110.0,0.8,2025-08-18 00:00:00,2026-06-03 00:00:00,200.0,2025-04-22 00:00:00,363.54
2026-06-04,348.05,365.23,338.02,358.05,3785300,341.69,275.81,200.81,177.04,337.09,290.06,228.22,171.48,完整多头,108.8,102.24,74.3,24.26,6163725.0,0.6,2025-08-19 00:00:00,2026-06-04 00:00:00,200.0,2025-04-22 00:00:00,358.05
2026-06-05,342.75,349.0,314.84,317.06,7315000,341.48,280.73,204.28,177.77,332.64,292.51,231.39,172.93,混合,83.35,78.35,60.1,25.61,6201905.0,1.2,2025-08-20 00:00:00,2026-06-05 00:00:00,200.0,2025-04-22 00:00:00,317.06
2026-06-08,330.5,353.79,328.01,346.33,5048500,344.11,287.9,208.28,178.64,335.68,297.4,235.5,174.65,完整多头,98.3,93.87,65.2,26.4,6223825.0,0.8,2025-08-21 00:00:00,2026-06-08 00:00:00,200.0,2025-04-22 00:00:00,346.33
2026-06-09,354.51,372.14,303.0,341.7,7378100,343.17,294.66,212.39,179.46,337.02,301.43,239.29,176.32,完整多头,93.8,90.4,63.8,29.46,6311960.0,1.2,2025-08-22 00:00:00,2026-06-09 00:00:00,200.0,2025-04-22 00:00:00,341.7
2026-06-10,334.01,360.78,329.4,330.86,5895300,341.67,300.54,216.15,180.22,335.65,304.11,242.56,177.85,混合,86.03,83.59,60.5,29.59,6354035.0,0.9,2025-08-25 00:00:00,2026-06-10 00:00:00,200.0,2025-04-22 00:00:00,330.86
2026-06-11,339.88,367.88,339.25,367.47,5728900,347.6,308.3,220.62,181.19,342.72,309.87,247.02,179.74,完整多头,104.44,102.81,66.7,30.12,6319700.0,0.9,2025-08-26 00:00:00,2026-06-11 00:00:00,200.0,2025-04-22 00:00:00,367.47
2026-06-12,379.74,390.99,360.06,367.15,5372900,349.02,315.12,225.1,182.13,348.15,315.07,251.31,181.61,完整多头,102.17,101.59,66.6,30.18,6357595.0,0.8,2025-08-27 00:00:00,2026-06-12 00:00:00,200.0,2025-04-22 00:00:00,367.15
2026-06-15,382.5,398.13,364.41,389.2,5332800,352.23,322.76,230.11,183.18,357.27,321.81,256.24,183.67,完整多头,111.9,112.47,69.9,30.43,6327145.0,0.8,2025-08-28 00:00:00,2026-06-15 00:00:00,200.0,2025-04-22 00:00:00,389.2
2026-06-16,383.64,397.66,360.89,361.71,5938600,352.68,328.91,234.65,184.04,358.26,325.44,260.0,185.44,完整多头,95.05,96.54,61.7,30.89,6316010.0,0.9,2025-08-29 00:00:00,2026-06-16 00:00:00,200.0,2025-04-22 00:00:00,361.71
2026-06-17,377.82,393.79,370.01,374.68,5122000,359.89,336.48,239.64,185.01,361.91,329.92,264.1,187.33,完整多头,100.02,102.52,63.9,30.97,6100585.0,0.8,2025-09-02 00:00:00,2026-06-17 00:00:00,200.0,2025-04-22 00:00:00,374.68
2026-06-18,384.73,421.2,384.73,417.07,22605900,368.73,344.71,245.23,186.22,374.17,337.84,269.56,189.61,完整多头,119.96,123.97,69.8,32.08,6716150.0,3.4,2025-09-03 00:00:00,2026-06-18 00:00:00,200.0,2025-04-22 00:00:00,417.07
2026-06-22,425.61,440.99,412.27,439.66,5584000,380.97,351.96,251.29,187.53,388.72,347.1,275.64,192.1,完整多头,128.87,134.44,72.5,31.84,6645135.0,0.8,2025-09-04 00:00:00,2026-06-22 00:00:00,200.0,2025-04-22 00:00:00,439.66
2026-06-23,399.43,419.62,392.89,397.02,6478300,389.24,356.68,256.38,188.58,390.56,351.63,279.97,194.14,完整多头,104.5,110.53,61.6,32.91,6642685.0,1.0,2025-09-05 00:00:00,2026-06-23 00:00:00,200.0,2025-04-22 00:00:00,397.02
2026-06-24,401.72,421.7,385.12,399.92,4063500,393.3,361.11,261.5,189.62,392.64,356.02,284.26,196.19,完整多头,103.85,110.9,62.0,33.17,6440115.0,0.6,2025-09-08 00:00:00,2026-06-24 00:00:00,200.0,2025-04-22 00:00:00,399.92
2026-06-25,422.6,429.91,386.65,398.0,4956700,397.16,364.89,266.57,190.53,393.83,359.84,288.32,198.19,完整多头,100.81,108.89,61.6,33.89,6430905.0,0.8,2025-09-09 00:00:00,2026-06-25 00:00:00,200.0,2025-04-22 00:00:00,398.0
2026-06-26,382.45,396.27,372.5,391.74,6564800,397.47,368.05,271.42,191.42,393.37,362.74,292.01,200.12,混合,95.75,104.65,59.9,33.29,6479555.0,1.0,2025-09-10 00:00:00,2026-06-26 00:00:00,200.0,2025-04-22 00:00:00,391.74
2026-06-29,403.08,456.76,381.48,455.96,6331400,409.26,373.13,277.35,192.55,407.28,371.21,297.87,202.67,完整多头,124.98,136.8,68.9,36.29,6497165.0,1.0,2025-09-11 00:00:00,2026-06-29 00:00:00,200.0,2025-04-22 00:00:00,455.96
2026-06-30,458.13,499.48,457.19,483.02,6066600,422.8,379.81,283.42,193.8,424.11,381.38,304.48,205.46,完整多头,135.1,149.24,71.8,36.81,6522540.0,0.9,2025-09-12 00:00:00,2026-06-30 00:00:00,200.0,2025-04-22 00:00:00,483.02
2026-07-01,468.0,468.07,428.83,430.86,5834800,424.52,385.08,288.23,194.8,425.61,385.88,308.99,207.7,完整多头,107.45,121.18,60.2,38.05,6535645.0,0.9,2025-09-15 00:00:00,2026-07-01 00:00:00,200.0,2025-04-22 00:00:00,430.86
2026-07-02,433.04,465.93,390.01,406.42,7247100,420.37,387.5,292.51,195.68,421.35,387.74,312.47,209.68,混合,93.83,107.7,55.7,40.76,6632525.0,1.1,2025-09-16 00:00:00,2026-07-02 00:00:00,200.0,2025-04-22 00:00:00,406.42
2026-07-06,417.32,453.8,411.0,432.74,4124500,424.83,390.79,297.25,196.65,423.88,391.83,316.77,211.89,完整多头,104.22,120.06,59.3,41.23,6649485.0,0.6,2025-09-17 00:00:00,2026-07-06 00:00:00,200.0,2025-04-22 00:00:00,432.74
2026-07-07,403.15,417.46,366.66,382.89,7181700,422.7,391.97,301.11,197.32,414.77,391.02,319.13,213.6,混合,79.26,94.05,50.9,43.0,6642820.0,1.1,2025-09-18 00:00:00,2026-07-07 00:00:00,200.0,2025-04-22 00:00:00,382.89
2026-07-08,380.69,400.66,374.52,393.16,3473500,422.1,395.6,305.09,198.02,409.97,391.22,321.77,215.38,混合,82.54,98.54,52.4,41.8,6564070.0,0.5,2025-09-19 00:00:00,2026-07-08 00:00:00,200.0,2025-04-22 00:00:00,393.16
2026-07-09,417.86,436.47,412.27,417.45,3792700,425.31,398.98,309.49,198.89,411.63,393.6,325.19,217.39,完整多头,92.02,109.89,55.8,41.91,6384800.0,0.6,2025-09-22 00:00:00,2026-07-09 00:00:00,200.0,2025-04-22 00:00:00,417.45
2026-07-10,409.38,421.42,401.62,412.97,2161500,419.94,402.38,313.5,199.76,411.93,395.36,328.33,219.34,完整多头,88.28,106.73,55.0,40.33,6198110.0,0.3,2025-09-23 00:00:00,2026-07-10 00:00:00,200.0,2025-04-22 00:00:00,412.97
2026-07-13,403.51,403.51,350.1,362.05,6286100,404.82,403.86,316.56,200.42,400.84,392.33,329.53,220.76,混合,64.0,80.64,47.0,41.94,6225970.0,1.0,2025-09-24 00:00:00,2026-07-13 00:00:00,200.0,2025-04-22 00:00:00,362.05
2026-07-14,392.03,392.2,360.7,361.78,3280900,396.18,403.59,319.54,201.21,392.16,389.56,330.68,222.16,混合,62.84,79.81,46.9,41.19,6121370.0,0.5,2025-09-25 00:00:00,2026-07-14 00:00:00,200.0,2025-04-22 00:00:00,361.78
2026-07-15,371.57,371.57,336.01,350.62,3380800,389.21,402.81,322.05,201.96,382.93,386.02,331.39,223.44,混合,56.92,73.61,45.3,40.79,6023770.0,0.6,2025-09-26 00:00:00,2026-07-15 00:00:00,200.0,2025-04-22 00:00:00,350.62
2026-07-16,337.02,338.95,313.63,319.74,4689900,375.08,399.5,324.29,202.57,368.89,379.99,330.98,224.4,混合,42.49,57.85,40.9,40.52,5961335.0,0.8,2025-09-29 00:00:00,2026-07-16 00:00:00,200.0,2025-04-22 00:00:00,319.74
2026-07-17,304.17,314.75,289.6,303.62,7235800,365.17,396.73,326.48,203.09,354.38,373.05,330.0,225.19,混合,34.83,49.5,38.8,39.78,6067025.0,1.2,2025-09-30 00:00:00,2026-07-17 00:00:00,200.0,2025-04-22 00:00:00,303.62
2026-07-20,309.39,322.67,307.4,309.09,2945500,354.66,393.61,328.52,203.66,344.32,367.23,329.25,226.02,混合,36.75,51.77,39.9,38.3,5084005.0,0.6,2025-10-01 00:00:00,2026-07-20 00:00:00,200.0,2025-04-22 00:00:00,309.09
2026-07-21,326.55,331.23,313.85,319.79,3887000,342.46,388.98,330.79,204.28,338.87,362.92,328.92,226.96,混合,40.9,56.54,42.2,37.14,4999155.0,0.8,2025-10-02 00:00:00,2026-07-21 00:00:00,200.0,2025-04-22 00:00:00,319.79
2026-07-22,308.28,338.86,307.0,330.89,3104600,332.2,383.8,333.12,204.89,337.1,360.01,328.99,227.99,混合,45.14,61.5,44.5,36.77,4830470.0,0.6,2025-10-03 00:00:00,2026-07-22 00:00:00,200.0,2025-04-22 00:00:00,330.89
2026-07-23,327.0,342.3,318.7,326.97,2810700,327.81,380.46,335.41,205.52,334.85,357.01,328.91,228.97,混合,42.8,59.09,43.8,35.83,4767830.0,0.6,2025-10-06 00:00:00,2026-07-23 00:00:00,200.0,2025-04-22 00:00:00,326.97
2026-07-24,317.31,319.51,290.1,291.58,4275600,319.04,375.3,336.79,205.87,325.23,351.06,327.58,229.6,混合,27.0,41.63,38.2,35.9,4733775.0,0.9,2025-10-07 00:00:00,2026-07-24 00:00:00,200.0,2025-04-22 00:00:00,291.58
2026-07-27,295.0,299.23,267.74,282.52,4110400,310.53,369.8,338.03,206.23,315.74,344.83,325.97,230.12,混合,22.77,37.0,36.9,35.59,4611055.0,0.9,2025-10-08 00:00:00,2026-07-27 00:00:00,200.0,2025-04-22 00:00:00,282.52
2026-07-28,266.99,268.65,251.17,260.23,4760900,303.09,363.54,339.21,206.43,303.4,337.14,323.62,230.42,混合,12.94,26.06,33.9,35.28,4532530.0,1.1,2025-10-09 00:00:00,2026-07-28 00:00:00,200.0,2025-04-22 00:00:00,260.23
2026-07-29,260.24,273.8,244.61,249.74,5367800,296.35,353.72,340.12,206.55,291.48,329.19,320.99,230.62,混合,8.29,20.91,32.5,34.85,4497590.0,1.2,2025-10-10 00:00:00,2026-07-29 00:00:00,200.0,2025-04-22 00:00:00,249.74
2026-07-30,282.17,300.1,273.01,299.69,6352700,295.18,344.99,341.8,207.02,293.3,326.51,320.22,231.3,混合,29.57,44.76,44.0,35.96,4523485.0,1.4,2025-10-13 00:00:00,2026-07-30 00:00:00,200.0,2025-04-22 00:00:00,299.69
2026-07-31,328.32,342.0,305.0,311.23,5329400,294.11,339.29,343.74,207.58,297.29,325.12,319.9,232.1,混合,34.09,49.93,46.3,36.41,4427600.0,1.2,2025-10-14 00:00:00,2026-07-31 00:00:00,200.0,2025-04-22 00:00:00,311.23
2026-08-03,297.5,330.48,285.68,321.05,4136300,292.88,335.23,345.5,208.38,302.57,324.75,319.94,232.98,混合,37.8,54.07,48.3,37.01,4428190.0,0.9,2025-10-15 00:00:00,2026-08-03 00:00:00,200.0,2025-04-22 00:00:00,321.05
2026-08-04,346.02,367.85,340.02,361.67,10057000,297.21,331.84,347.92,209.38,315.7,328.11,321.43,234.26,混合,54.39,72.74,55.4,37.71,4571955.0,2.2,2025-10-16 00:00:00,2026-08-04 00:00:00,200.0,2025-04-22 00:00:00,361.67
2026-08-05,348.36,356.0,315.11,318.43,9286100,300.57,328.77,349.48,210.15,316.31,327.23,321.33,235.1,混合,35.44,51.52,47.8,38.34,4862585.0,1.9,2025-10-17 00:00:00,2026-08-05 00:00:00,200.0,2025-04-22 00:00:00,318.43
2026-08-06,313.09,344.88,308.0,331.5,4944000,306.69,325.84,351.59,211.01,319.68,327.62,321.69,236.06,混合,40.43,57.1,50.1,38.24,4920150.0,1.0,2025-10-20 00:00:00,2026-08-06 00:00:00,200.0,2025-04-22 00:00:00,331.5
2026-08-07,340.02,350.88,329.0,334.17,3547300,315.94,321.87,353.22,211.9,322.9,328.21,322.14,237.04,混合,40.98,57.7,50.5,37.07,4989440.0,0.7,2025-10-21 00:00:00,2026-08-07 00:00:00,200.0,2025-04-22 00:00:00,334.17
2026-08-10,337.79,343.0,316.78,317.23,3364800,324.37,317.31,353.76,212.7,321.64,327.21,321.96,237.83,混合,33.38,49.15,47.5,36.29,4843375.0,0.7,2025-10-22 00:00:00,2026-08-10 00:00:00,200.0,2025-04-22 00:00:00,317.23
2026-08-11,324.32,324.32,306.5,311.99,2707100,325.91,314.93,354.02,213.48,319.5,325.83,321.61,238.57,混合,30.77,46.14,46.6,34.97,4814685.0,0.6,2025-10-23 00:00:00,2026-08-11 00:00:00,200.0,2025-04-22 00:00:00,311.99
2026-08-12,334.49,337.05,318.2,318.8,4453700,326.85,312.88,354.24,214.26,319.34,325.19,321.5,239.37,混合,33.18,48.79,48.0,34.27,4868330.0,0.9,2025-10-24 00:00:00,2026-08-12 00:00:00,200.0,2025-04-22 00:00:00,318.8
2026-08-13,313.05,332.88,310.0,322.78,3343100,327.07,311.56,354.31,215.05,320.11,324.97,321.55,240.2,混合,34.38,50.1,48.9,33.45,4800990.0,0.7,2025-10-27 00:00:00,2026-08-13 00:00:00,200.0,2025-04-22 00:00:00,322.78
2026-08-14,322.79,326.3,311.6,321.61,2523600,322.06,311.65,354.24,215.8,320.44,324.67,321.55,241.01,混合,33.44,49.03,48.6,32.11,4565380.0,0.6,2025-10-28 00:00:00,2026-08-14 00:00:00,200.0,2025-04-22 00:00:00,321.61
2026-08-17,344.95,354.0,319.27,320.17,5695700,322.28,312.43,353.71,216.56,320.38,324.26,321.5,241.8,混合,32.41,47.84,48.3,32.3,4702890.0,1.2,2025-10-29 00:00:00,2026-08-17 00:00:00,200.0,2025-04-22 00:00:00,320.17
2026-08-18,304.0,311.95,293.02,303.44,5111200,318.77,312.17,353.0,217.21,316.62,322.36,320.86,242.41,混合,25.18,39.7,44.5,31.93,4764100.0,1.1,2025-10-30 00:00:00,2026-08-18 00:00:00,200.0,2025-04-22 00:00:00,303.44
2026-08-19,304.03,308.38,278.17,289.02,4228000,313.13,310.7,352.43,217.81,310.48,319.33,319.72,242.88,混合,19.0,32.69,41.5,31.81,4820270.0,0.9,2025-10-31 00:00:00,2026-08-19 00:00:00,200.0,2025-04-22 00:00:00,289.02
2026-08-20,289.99,293.0,281.72,290.52,2598000,309.79,308.78,351.25,218.33,306.05,316.71,318.68,243.35,混合,19.38,33.06,41.9,30.34,4809635.0,0.5,2025-11-03 00:00:00,2026-08-20 00:00:00,200.0,2025-04-22 00:00:00,290.52
2026-08-21,293.8,296.88,277.3,284.97,3005300,306.41,306.78,349.82,218.8,301.36,313.83,317.47,243.76,混合,16.9,30.24,40.7,29.57,4746120.0,0.6,2025-11-04 00:00:00,2026-08-21 00:00:00,200.0,2025-04-22 00:00:00,284.97
2026-08-24,271.69,279.83,266.31,277.53,3691000,301.25,306.11,348.35,219.29,296.07,310.53,316.05,244.1,混合,13.7,26.56,39.0,28.79,4725150.0,0.8,2025-11-05 00:00:00,2026-08-24 00:00:00,200.0,2025-04-22 00:00:00,277.53
2026-08-25,285.94,289.6,279.79,282.65,1798400,296.24,306.12,347.73,219.79,293.09,307.99,314.85,244.48,混合,15.61,28.6,40.8,27.6,4577025.0,0.4,2025-11-06 00:00:00,2026-08-25 00:00:00,200.0,2025-04-22 00:00:00,282.65
2026-08-26,282.62,290.63,280.0,290.3,1933700,292.32,307.55,346.71,220.43,292.47,306.39,313.98,244.94,混合,18.52,31.7,43.5,26.39,4405320.0,0.4,2025-11-07 00:00:00,2026-08-26 00:00:00,200.0,2025-04-22 00:00:00,290.3
2026-08-27,297.16,310.14,296.8,304.09,2745100,290.31,310.14,346.03,221.12,295.05,306.18,313.62,245.53,混合,23.85,37.52,48.0,25.92,4224940.0,0.6,2025-11-10 00:00:00,2026-08-27 00:00:00,200.0,2025-04-22 00:00:00,304.09
2026-08-28,297.17,301.04,287.01,289.47,2640000,288.57,309.65,345.27,221.7,293.81,304.66,312.76,245.97,混合,17.69,30.57,44.0,25.29,4090470.0,0.6,2025-11-11 00:00:00,2026-08-28 00:00:00,200.0,2025-04-22 00:00:00,289.47
2026-08-31,292.46,297.95,290.38,296.98,2353300,289.56,308.97,343.99,222.35,294.51,303.96,312.2,246.47,混合,20.49,33.57,46.4,24.09,4001320.0,0.6,2025-11-12 00:00:00,2026-08-31 00:00:00,200.0,2025-04-22 00:00:00,296.98
