date,open,high,low,close,volume,ma8,ma21,ma55,ma200,ma_state,close_vs_ma200_pct,rsi14,atr14,vol20_avg,vol_ratio20,ma200_start_date,ma200_end_date,ma200_window_count,rsi_start_date,close_check
2024-11-07,75637.09,76943.12,74480.42,75904.86,63467654989,,,,,混合,,,,,,,,,,75904.86
2024-11-08,75902.84,77252.75,75648.74,76545.48,55176858003,,,,,混合,,,,,,,,,,76545.48
2024-11-09,76556.19,76932.77,75773.79,76778.87,29009480361,,,,,混合,,,,,,,,,,76778.87
2024-11-10,76775.55,81474.42,76565.43,80474.19,82570594495,,,,,混合,,,,,,,,,,80474.19
2024-11-11,80471.41,89604.5,80283.25,88701.48,117966845037,,,,,混合,,,,,,,,,,88701.48
2024-11-12,88705.56,89956.88,85155.11,87955.81,133673285375,,,,,混合,,,,,,,,,,87955.81
2024-11-13,87929.97,93434.35,86256.93,90584.16,123559027869,,,,,混合,,,,,,,,,,90584.16
2024-11-14,90574.88,91765.22,86682.81,87250.43,87616705248,83024.41,,,,混合,,,,,,,,,,87250.43
2024-11-15,87284.18,91868.74,87124.9,91066.01,78243109518,84919.55,,,,混合,,,,,,,,,,91066.01
2024-11-16,91064.37,91763.95,90094.23,90558.48,44333192814,86671.18,,,,混合,,,,,,,,,,90558.48
2024-11-17,90558.46,91433.04,88741.66,89845.85,46350159305,88304.55,,,,混合,,,,,,,,,,89845.85
2024-11-18,89843.72,92596.79,89393.59,90542.64,75535775084,89563.11,,,,混合,,,,,,,,,,90542.64
2024-11-19,90536.81,94002.87,90426.98,92343.79,74521048295,90018.4,,,,混合,,,,,,,,,,92343.79
2024-11-20,92341.89,94902.02,91619.5,94339.49,71730956426,90816.36,,,,混合,,,,,,,,,,94339.49
2024-11-21,94334.64,99014.22,94132.6,98504.73,106024505582,91806.43,,,,混合,,84.0,4150.21,,,,,,2024-11-08 00:00:00,98504.73
2024-11-22,98496.43,99655.5,97222.66,98997.66,78473580551,93274.83,,,,混合,,84.3,4027.54,,,,,,2024-11-08 00:00:00,98997.66
2024-11-23,99006.74,99014.68,97232.89,97777.28,44414644677,94113.74,,,,混合,,80.9,3867.13,,,,,,2024-11-08 00:00:00,97777.28
2024-11-24,97778.09,98647.18,95788.08,98013.82,51712020623,95045.66,,,,混合,,81.1,3795.13,,,,,,2024-11-08 00:00:00,98013.82
2024-11-25,98033.45,98935.03,92642.91,93102.3,80909462490,95452.71,,,,混合,,68.3,3973.49,,,,,,2024-11-08 00:00:00,93102.3
2024-11-26,93087.28,94991.75,90770.81,91985.32,91656519855,95633.05,,,,混合,,65.8,3991.16,76847271330.0,1.2,,,,2024-11-08 00:00:00,91985.32
2024-11-27,91978.14,97361.18,91778.66,95962.53,71133452438,96085.39,89868.34,,,混合,,70.0,4104.83,77230561202.0,0.9,,,,2024-11-08 00:00:00,95962.53
2024-11-28,95954.95,96650.2,94677.35,95652.47,52260008261,96249.51,90808.7,,,混合,,69.3,3952.55,77084718715.0,0.7,,,,2024-11-08 00:00:00,95652.47
2024-11-29,95653.95,98693.17,95407.88,97461.52,54968682476,96119.11,91804.71,,,混合,,71.2,3904.88,78382678821.0,0.7,,,,2024-11-08 00:00:00,97461.52
2024-11-30,97468.81,97499.34,96144.22,96449.05,31634227866,95800.54,92741.38,,,混合,,68.7,3722.76,75835860490.0,0.4,,,,2024-11-08 00:00:00,96449.05
2024-12-01,96461.34,97888.12,95770.19,97279.79,36590695296,95738.35,93541.65,,,混合,,69.6,3608.13,71767053002.0,0.5,,,,2024-11-08 00:00:00,97279.79
2024-12-02,97276.01,98152.6,94482.87,95865.3,72680784305,95469.79,93882.78,,,混合,,65.9,3612.53,68717427949.0,1.1,,,,2024-11-08 00:00:00,95865.3
2024-12-03,95854.59,96297.2,93629.56,96002.16,67067810961,95832.27,94265.94,,,混合,,66.1,3545.04,65892867104.0,1.0,,,,2024-11-08 00:00:00,96002.16
2024-12-04,95988.53,99207.33,94660.52,98768.53,77199817112,96680.17,94655.67,,,混合,,69.7,3616.59,65372022697.0,1.2,,,,2024-11-08 00:00:00,98768.53
2024-12-05,98741.54,103900.47,91998.78,96593.57,149218945580,96759.05,95100.59,,,混合,,64.0,4208.38,68920814500.0,2.2,,,,2024-11-08 00:00:00,96593.57
2024-12-06,97074.23,102039.88,96514.88,99920.71,94534772658,97292.58,95522.24,,,混合,,68.3,4302.43,71430893492.0,1.3,,,,2024-11-08 00:00:00,99920.71
2024-12-07,99916.71,100563.38,99030.88,99923.34,44177510897,97600.31,95968.18,,,混合,,68.3,4104.58,71322261072.0,0.6,,,,2024-11-08 00:00:00,99923.34
2024-12-08,99921.91,101399.99,98771.52,101236.02,44125751925,98198.68,96510.57,,,混合,,69.9,3999.14,69751759914.0,0.6,,,,2024-11-08 00:00:00,101236.02
2024-12-09,101237.06,101272.51,94355.91,97432.72,110676473908,98217.79,96838.67,,,混合,,60.2,4207.53,71559531194.0,1.5,,,,2024-11-08 00:00:00,97432.72
2024-12-10,97441.23,98270.16,94321.26,96675.43,104823780634,98319.06,97044.94,,,混合,,58.4,4189.06,73214172405.0,1.4,,,,2024-11-08 00:00:00,96675.43
2024-12-11,96656.06,101913.36,95747.23,101173.03,85391409936,98965.42,97370.35,,,混合,,64.9,4330.28,72182517622.0,1.2,,,,2024-11-08 00:00:00,101173.03
2024-12-12,101167.8,102524.91,99339.95,100043.0,72073983533,99124.73,97443.6,,,混合,,62.3,4248.47,71862537772.0,1.0,,,,2024-11-08 00:00:00,100043.0
2024-12-13,100046.65,101888.8,99233.28,101459.26,56894751583,99732.94,97560.82,,,混合,,64.3,4134.69,72486543117.0,0.8,,,,2024-11-08 00:00:00,101459.26
2024-12-14,101451.44,102618.88,100634.05,101372.97,40422968793,99914.47,97732.04,,,混合,,64.0,3981.13,71922090525.0,0.6,,,,2024-11-08 00:00:00,101372.97
2024-12-15,101373.53,105047.54,101227.03,104298.7,51145914137,100461.39,98031.32,,,混合,,68.0,3969.65,70433913108.0,0.7,,,,2024-11-08 00:00:00,104298.7
2024-12-16,104293.58,107780.58,103322.98,106029.72,91020417816,101060.6,98646.91,,,混合,,70.1,4004.51,70402108006.0,1.3,,,,2024-11-08 00:00:00,106029.72
2024-12-17,106030.69,108268.45,105291.73,106140.6,68589364868,102149.09,99320.97,,,混合,,70.3,3931.09,70274903627.0,1.0,,,,2024-11-08 00:00:00,106140.6
2024-12-18,106147.3,106470.61,100041.54,100041.54,93865656139,102569.85,99515.21,,,混合,,55.4,4109.52,72355186021.0,1.3,,,,2024-11-08 00:00:00,100041.54
2024-12-19,100070.69,102748.15,95587.68,97490.95,97221662392,102109.59,99602.76,,,混合,,50.6,4327.44,74467835017.0,1.3,,,,2024-11-08 00:00:00,97490.95
2024-12-20,97484.7,98098.91,92175.18,97755.93,105634083408,101823.71,99616.78,,,混合,,51.1,4441.46,78167827794.0,1.4,,,,2024-11-08 00:00:00,97755.93
2024-12-21,97756.2,99507.1,96426.52,97224.73,51765334294,101294.39,99653.71,,,混合,,50.1,4344.26,78926559744.0,0.7,,,,2024-11-08 00:00:00,97224.73
2024-12-22,97218.32,97360.27,94202.19,95104.94,43147981314,100510.89,99550.15,,,混合,,46.0,4259.53,77449919594.0,0.6,,,,2024-11-08 00:00:00,95104.94
2024-12-23,95099.39,96416.21,92403.13,94686.24,65239002919,99309.33,99494.0,,,混合,,45.3,4241.93,77358479192.0,0.8,,,,2024-11-08 00:00:00,94686.24
2024-12-24,94684.34,99404.06,93448.02,98676.09,47114953674,98390.13,99621.33,,,混合,,53.3,4364.36,75854236020.0,0.6,,,,2024-11-08 00:00:00,98676.09
2024-12-25,98675.91,99478.75,97593.47,99299.2,33700394629,97534.95,99646.6,,,混合,,54.4,4187.29,70078308473.0,0.5,,,,2024-11-08 00:00:00,99299.2
2024-12-26,99297.7,99884.57,95137.88,95795.52,47054980873,97004.2,99608.6,,,混合,,47.5,4227.24,67704318884.0,0.7,,,,2024-11-08 00:00:00,95795.52
2024-12-27,95704.98,97294.84,93310.74,94164.86,52419934565,96588.44,99334.51,,,混合,,44.6,4209.88,68116440067.0,0.8,,,,2024-11-08 00:00:00,94164.86
2024-12-28,94160.19,95525.9,94014.29,95163.93,24107436185,96264.44,99107.87,,,混合,,46.7,4017.14,67115524280.0,0.4,,,,2024-11-08 00:00:00,95163.93
2024-12-29,95174.05,95174.88,92881.79,93530.23,29635885267,95802.62,98740.93,,,混合,,43.8,3894.0,63063494848.0,0.5,,,,2024-11-08 00:00:00,93530.23
2024-12-30,93527.2,94903.32,91317.13,92643.21,56188003691,95494.91,98512.86,,,混合,,42.3,3872.01,60631706001.0,0.9,,,,2024-11-08 00:00:00,92643.21
2024-12-31,92643.25,96090.6,91914.03,93429.2,43625106843,95337.78,98358.28,94945.81,,混合,,44.1,3893.76,58543390846.0,0.7,,,,2024-11-08 00:00:00,93429.2
2025-01-01,93425.1,94929.87,92788.12,94419.76,24519888919,94805.74,98036.69,95282.45,,混合,,46.5,3768.62,56165686115.0,0.4,,,,2024-11-08 00:00:00,94419.76
2025-01-02,94416.29,97739.82,94201.57,96886.88,46009564411,94504.2,97886.4,95652.29,,混合,,52.0,3752.17,55621426757.0,0.8,,,,2024-11-08 00:00:00,96886.88
2025-01-03,96881.73,98956.91,96034.62,98107.43,35611391163,94793.19,97726.79,96040.08,,混合,,54.5,3692.89,55380847875.0,0.6,,,,2024-11-08 00:00:00,98107.43
2025-01-04,98106.99,98734.43,97562.98,98236.23,22342608078,95302.11,97577.42,96363.03,,混合,,54.8,3512.79,53940682572.0,0.4,,,,2024-11-08 00:00:00,98236.23
2025-01-05,98233.91,98813.3,97291.77,98314.96,20525254825,95695.99,97292.48,96537.82,,混合,,54.9,3370.55,50415924423.0,0.4,,,,2024-11-08 00:00:00,98314.96
2025-01-06,98314.95,102482.88,97926.15,102078.09,51823432705,96764.47,97104.31,96794.59,,混合,,62.4,3455.28,49577627815.0,1.0,,,,2024-11-08 00:00:00,102078.09
2025-01-07,102248.85,102712.48,96132.88,96922.7,58685738547,97299.41,96665.36,96909.83,,混合,,50.2,3678.45,47818631935.0,1.2,,,,2024-11-08 00:00:00,96922.7
2025-01-08,96924.16,97258.32,92525.84,95043.52,63875859171,97501.2,96427.36,97051.53,,混合,,46.6,3753.73,46151341774.0,1.4,,,,2024-11-08 00:00:00,95043.52
2025-01-09,95043.48,95349.72,91220.84,92484.04,62777261693,97259.23,96188.94,97077.31,,混合,,42.2,3780.53,44008500688.0,1.4,,,,2024-11-08 00:00:00,92484.04
2025-01-10,92494.49,95770.61,92250.09,94701.45,62058693684,96986.05,96043.49,97152.63,,混合,,46.9,3761.96,44523168658.0,1.4,,,,2024-11-08 00:00:00,94701.45
2025-01-11,94700.84,94977.69,93840.05,94566.59,18860894100,96543.45,95916.91,97238.47,,混合,,46.6,3574.51,43308814297.0,0.4,,,,2024-11-08 00:00:00,94566.59
2025-01-12,94565.73,95367.54,93712.51,94488.44,20885130965,96074.97,95887.55,97310.21,,混合,,46.5,3437.4,41091120699.0,0.5,,,,2024-11-08 00:00:00,94488.44
2025-01-13,94488.89,95837.0,89260.1,94516.52,72978998252,95600.17,95879.47,97349.71,,混合,,46.5,3661.65,42384322928.0,1.7,,,,2024-11-08 00:00:00,94516.52
2025-01-14,94519.01,97352.66,94322.16,96534.05,53769675818,94907.17,95777.47,97389.61,,混合,,51.3,3616.57,43387786988.0,1.2,,,,2024-11-08 00:00:00,96534.05
2025-01-15,96534.05,100697.23,96501.64,100504.49,57805923627,95354.89,95834.86,97425.97,,混合,,59.1,3657.93,43925334125.0,1.3,,,,2024-11-08 00:00:00,100504.49
2025-01-16,100505.3,100781.59,97364.45,99756.91,54103781805,95944.06,96023.5,97439.78,,混合,,57.2,3640.73,44009526487.0,1.2,,,,2024-11-08 00:00:00,99756.91
2025-01-17,100025.77,105884.23,99948.91,104462.04,71888972663,97441.31,96513.84,97561.32,,混合,,64.7,3818.34,46398603311.0,1.5,,,,2024-11-08 00:00:00,104462.04
2025-01-18,104124.95,104913.2,102226.62,104408.07,50445655726,98654.64,96954.04,97677.58,,混合,,64.6,3737.5,47439091834.0,1.1,,,,2024-11-08 00:00:00,104408.07
2025-01-19,104411.29,106299.8,99570.53,101089.61,76789928525,99470.02,97314.01,97822.8,,混合,,56.5,3951.2,48469188076.0,1.6,,,,2024-11-08 00:00:00,101089.61
2025-01-20,101083.75,109114.88,99471.36,102016.66,126279678351,100411.04,97760.36,98005.19,,混合,,58.1,4357.8,52601916651.0,2.4,,,,2024-11-08 00:00:00,102016.66
2025-01-21,102052.58,107180.92,100103.95,106146.27,88733878242,101864.76,98365.94,98190.35,,混合,,64.3,4552.02,55812616118.0,1.6,,,,2024-11-08 00:00:00,106146.27
2025-01-22,106136.38,106294.34,103360.27,103653.07,53878181052,102754.64,98805.62,98335.81,,混合,,58.6,4436.45,56206046950.0,1.0,,,,2024-11-08 00:00:00,103653.07
2025-01-23,103657.67,106820.33,101257.8,103960.17,104104515428,103186.6,99142.44,98453.97,,混合,,59.1,4516.89,59630703163.0,1.7,,,,2024-11-08 00:00:00,103960.17
2025-01-24,103965.67,107098.55,102772.12,104819.48,52388229265,103819.42,99462.07,98606.16,,混合,,60.5,4503.28,61132984222.0,0.9,,,,2024-11-08 00:00:00,104819.48
2025-01-25,104824.03,105243.79,104120.38,104714.65,23888996502,103851.0,99770.56,98741.34,,混合,,60.2,4261.86,61301171306.0,0.4,,,,2024-11-08 00:00:00,104714.65
2025-01-26,104713.21,105438.65,102507.71,102682.5,22543395879,103635.3,99978.54,98865.29,,混合,,55.2,4166.8,59837169465.0,0.4,,,,2024-11-08 00:00:00,102682.5
2025-01-27,102680.3,103214.11,97795.94,102087.69,89006608428,103760.06,99979.0,98975.93,,混合,,53.8,4256.18,61353212959.0,1.5,,,,2024-11-08 00:00:00,102087.69
2025-01-28,102095.41,103730.82,100238.19,101332.48,47180685494,103674.54,100188.99,99022.55,,混合,,51.9,4201.64,60518454275.0,0.8,,,,2024-11-08 00:00:00,101332.48
2025-01-29,101317.52,104750.8,101283.82,103703.21,47432049818,103369.16,100601.35,99151.82,,混合,,56.9,4149.17,59751193681.0,0.8,,,,2024-11-08 00:00:00,103703.21
2025-01-30,103709.34,106418.77,103321.65,104735.3,41915744521,103504.44,101184.75,99239.36,,混合,,58.9,4074.02,58744046223.0,0.7,,,,2024-11-08 00:00:00,104735.3
2025-01-31,104737.56,106026.35,101543.88,102405.02,45732764360,103310.04,101551.58,99284.48,,混合,,52.9,4103.2,60087639736.0,0.8,,,,2024-11-08 00:00:00,102405.02
2025-02-01,102402.8,102755.73,100297.71,100655.91,27757944848,102789.59,101841.55,99273.93,,混合,,48.9,3985.68,60431280430.0,0.5,,,,2024-11-08 00:00:00,100655.91
2025-02-02,100661.54,101430.66,96216.08,97688.98,63091816853,101911.39,101993.96,99278.59,,混合,,43.0,4073.46,59936921360.0,1.1,,,,2024-11-08 00:00:00,97688.98
2025-02-03,97681.1,102514.17,91242.89,101405.42,115400897748,101751.75,102322.0,99364.59,,混合,,51.0,4587.59,63018482457.0,1.8,,,,2024-11-08 00:00:00,101405.42
2025-02-04,101398.72,101745.62,96208.11,97871.82,73002130211,101224.77,102385.7,99304.57,,混合,,44.6,4655.44,63778292786.0,1.1,,,,2024-11-08 00:00:00,97871.82
2025-02-05,97878.01,99113.21,96174.83,96615.45,49125911241,100635.14,102200.51,99242.25,,混合,,42.6,4532.8,63529399258.0,0.8,,,,2024-11-08 00:00:00,96615.45
2025-02-06,96610.64,99168.61,95707.35,96593.3,45302471947,99746.4,102049.86,99153.78,,混合,,42.5,4456.26,62200074222.0,0.7,,,,2024-11-08 00:00:00,96593.3
2025-02-07,96581.32,100154.14,95653.88,96529.09,55741290456,98720.62,101672.1,99065.71,,混合,,42.4,4459.4,62464855958.0,0.9,,,,2024-11-08 00:00:00,96529.09
2025-02-08,96533.26,96877.8,95702.49,96482.45,22447526395,97980.3,101294.69,98923.59,,混合,,42.3,4224.82,59747735852.0,0.4,,,,2024-11-08 00:00:00,96482.45
2025-02-09,96481.31,97325.28,94745.26,96500.09,27732901800,97460.82,101076.14,98750.33,,混合,,42.4,4107.34,54820397024.0,0.5,,,,2024-11-08 00:00:00,96500.09
2025-02-10,96499.46,98333.22,95320.84,97437.55,40078962391,97429.4,100858.09,98592.09,,混合,,45.1,4029.13,52387651232.0,0.8,,,,2024-11-08 00:00:00,97437.55
2025-02-11,97438.13,98492.9,94875.04,95747.43,37488783272,96722.15,100362.91,98514.01,,混合,,41.3,3999.75,51568181343.0,0.7,,,,2024-11-08 00:00:00,95747.43
2025-02-12,95745.7,98151.02,94101.2,97885.86,49340445530,96723.9,100088.28,98521.19,,混合,,47.3,4003.33,48829977848.0,1.0,,,,2024-11-08 00:00:00,97885.86
2025-02-13,97888.75,98111.09,95269.71,96623.87,37147280860,96724.96,99738.93,98500.61,,混合,,44.4,3920.33,48067930428.0,0.8,,,,2024-11-08 00:00:00,96623.87
2025-02-14,96623.37,98819.47,96342.8,97508.97,32697987277,96839.41,99390.81,98505.78,,混合,,46.9,3817.21,48508379966.0,0.7,,,,2024-11-08 00:00:00,97508.97
2025-02-15,97508.38,97975.04,97240.2,97580.35,17047266288,96970.82,99051.08,98550.79,,混合,,47.1,3597.04,48233573487.0,0.4,,,,2024-11-08 00:00:00,97580.35
2025-02-16,97580.49,97725.59,96060.98,96175.03,16536755396,96932.39,98741.2,98577.86,,混合,,43.5,3459.01,44610080835.0,0.4,,,,2024-11-08 00:00:00,96175.03
2025-02-17,96179.01,97032.23,95243.55,95773.38,27336550690,96841.56,98440.52,98525.08,,混合,,42.6,3339.7,43617874095.0,0.6,,,,2024-11-08 00:00:00,95773.38
2025-02-18,95773.81,96695.38,93388.84,95539.55,37325720482,96604.3,98164.67,98456.72,,混合,,42.0,3337.33,43112557628.0,0.9,,,,2024-11-08 00:00:00,95539.55
2025-02-19,95532.53,96855.59,95011.97,96635.61,28990872862,96715.33,97828.12,98472.0,,混合,,45.8,3230.64,42466314045.0,0.7,,,,2024-11-08 00:00:00,96635.61
2025-02-20,96632.68,98767.2,96442.67,98333.94,31668022771,96771.34,97523.29,98547.8,,混合,,51.1,3165.92,41763076966.0,0.8,,,,2024-11-08 00:00:00,98333.94
2025-02-21,98340.67,99497.97,94852.96,96125.55,49608706470,96709.05,97224.27,98565.28,,混合,,44.9,3271.57,42855615047.0,1.2,,,,2024-11-08 00:00:00,96125.55
2025-02-22,96134.2,96950.16,95765.34,96577.76,18353824477,96592.65,97030.07,98620.69,,混合,,46.4,3122.51,40618715428.0,0.5,,,,2024-11-08 00:00:00,96577.76
2025-02-23,96577.8,96671.88,95270.45,96273.92,16999478976,96429.34,96962.68,98686.7,,混合,,45.5,2999.58,35698644490.0,0.5,,,,2024-11-08 00:00:00,96273.92
2025-02-24,96277.96,96503.45,91371.74,91418.17,44046480529,95834.73,96487.1,98650.14,,混合,,34.5,3151.87,34250862006.0,1.3,,,,2024-11-08 00:00:00,91418.17
2025-02-25,91437.12,92511.08,86008.23,88736.17,92139104128,94955.08,96052.07,98546.8,,混合,,30.2,3391.23,36401521650.0,2.5,,,,2024-11-08 00:00:00,88736.17
2025-02-26,88638.89,89286.25,82131.9,84347.02,64597492134,93556.02,95467.86,98318.81,,混合,,24.7,3660.02,37366272659.0,1.7,,,,2024-11-08 00:00:00,84347.02
2025-02-27,84076.86,87000.78,83144.96,84704.23,52659591954,92064.59,94901.71,98075.11,,混合,,25.9,3674.01,37212187734.0,1.4,,,,2024-11-08 00:00:00,84704.23
2025-02-28,84705.62,85036.32,78248.91,84373.01,83610570576,90319.48,94322.85,97823.05,,混合,,25.5,3896.39,40270339943.0,2.1,,,,2024-11-08 00:00:00,84373.01
2025-03-01,84373.87,86522.3,83794.23,86031.91,29190628396,89057.77,93825.21,97599.72,,混合,,31.2,3812.94,40343226273.0,0.7,,,,2024-11-08 00:00:00,86031.91
2025-03-02,86036.26,95043.44,85040.21,94248.35,58398341092,88766.6,93717.98,97457.37,,混合,,51.2,4255.11,41259195208.0,1.4,,,,2024-11-08 00:00:00,94248.35
2025-03-03,94248.42,94429.75,85081.3,86065.67,70072228536,87490.57,93176.46,97259.96,,混合,,39.0,4618.92,42888367471.0,1.6,,,,2024-11-08 00:00:00,86065.67
2025-03-04,86064.07,88911.27,81529.24,87222.2,68095241474,86966.07,92770.5,97117.76,,混合,,41.1,4816.28,43826107268.0,1.6,,,,2024-11-08 00:00:00,87222.2
2025-03-05,87222.95,90998.24,86379.77,90623.56,50498988027,87201.99,92424.68,97083.93,,混合,,47.0,4802.15,44493692627.0,1.1,,,,2024-11-08 00:00:00,90623.56
2025-03-06,90622.36,92804.94,87852.14,89961.73,47749810486,87903.83,92107.43,96997.75,,混合,,46.0,4812.91,45246283787.0,1.1,,,,2024-11-08 00:00:00,89961.73
2025-03-07,89963.28,91191.05,84717.68,86742.67,65945677657,88158.64,91594.75,96855.5,,混合,,41.6,4931.52,47691204356.0,1.4,,,,2024-11-08 00:00:00,86742.67
2025-03-08,86742.66,86847.27,85247.48,86154.59,18206118081,88381.34,91050.67,96703.98,,混合,,40.8,4693.53,47774672490.0,0.4,,,,2024-11-08 00:00:00,86154.59
2025-03-09,86154.3,86471.13,80052.48,80601.04,30899345977,87702.48,90309.05,96450.97,,混合,,34.3,4816.76,47952812254.0,0.6,,,,2024-11-08 00:00:00,80601.04
2025-03-10,80597.15,83955.93,77420.59,78532.0,54061099422,85737.93,89488.03,96123.66,,混合,,32.2,4939.51,48789581201.0,1.1,,,,2024-11-08 00:00:00,78532.0
2025-03-11,78523.88,83577.76,76624.25,82862.21,54702837196,85337.5,88884.35,95802.89,,混合,,40.3,5083.37,50075179418.0,1.1,,,,2024-11-08 00:00:00,82862.21
2025-03-12,82857.38,84358.58,80635.25,83722.36,40353484454,84900.02,88269.43,95511.35,,混合,,41.8,4986.22,50509452502.0,0.8,,,,2024-11-08 00:00:00,83722.36
2025-03-13,83724.92,84301.7,79931.85,81066.7,31412940153,83705.41,87447.18,95085.98,,混合,,38.6,4942.2,49599664186.0,0.6,,,,2024-11-08 00:00:00,81066.7
2025-03-14,81066.99,85263.29,80797.56,83969.1,29588112414,82956.33,86868.3,94714.37,,混合,,43.7,4908.16,50161378583.0,0.6,,,,2024-11-08 00:00:00,83969.1
2025-03-15,83968.41,84672.67,83639.59,84343.11,13650491277,82656.39,86285.7,94409.88,,混合,,44.3,4631.37,49993929198.0,0.3,,,,2024-11-08 00:00:00,84343.11
2025-03-16,84333.32,85051.6,82017.91,82579.69,21330270174,82209.53,85633.6,94056.48,,混合,,41.9,4517.25,48858118680.0,0.4,,,,2024-11-08 00:00:00,82579.69
2025-03-17,82576.34,84725.33,82492.16,84075.69,25092785558,82643.86,85283.95,93655.2,,混合,,44.7,4354.1,45505802752.0,0.6,,,,2024-11-08 00:00:00,84075.69
2025-03-18,84075.72,84075.72,81179.99,82718.5,24095774594,83167.17,84997.4,93274.57,,混合,,42.7,4249.93,43480716875.0,0.6,,,,2024-11-08 00:00:00,82718.5
2025-03-19,82718.8,87021.19,82569.73,86854.23,34931960257,83666.17,85116.79,92963.55,,混合,,49.9,4264.33,42594335290.0,0.8,,,,2024-11-08 00:00:00,86854.23
2025-03-20,86872.95,87443.27,83647.2,84167.2,29028988961,83721.78,85091.22,92588.06,,混合,,45.9,4230.88,39865256209.0,0.7,,,,2024-11-08 00:00:00,84167.2
2025-03-21,84164.54,84782.27,83171.07,84043.24,19030452299,84093.84,85075.51,92212.21,,混合,,45.7,4043.76,39357247404.0,0.5,,,,2024-11-08 00:00:00,84043.24
2025-03-22,84046.26,84513.88,83674.78,83832.48,9863214091,84076.77,84970.78,91869.49,,混合,,45.4,3814.86,36930491054.0,0.3,,,,2024-11-08 00:00:00,83832.48
2025-03-23,83831.9,86094.78,83794.91,86054.38,12594615537,84290.67,84580.59,91577.97,,混合,,49.6,3706.64,34056610404.0,0.4,,,,2024-11-08 00:00:00,86054.38
2025-03-24,86070.93,88758.73,85541.2,87498.91,34582604933,84905.58,84648.84,91326.45,,混合,,52.1,3671.71,32380978577.0,1.1,,,,2024-11-08 00:00:00,87498.91
2025-03-25,87512.82,88542.4,86346.08,87471.7,30005840049,85330.08,84660.72,91031.33,,混合,,52.1,3566.32,31356321178.0,1.0,,,,2024-11-08 00:00:00,87471.7
2025-03-26,87460.23,88292.16,85861.45,86900.88,26704046038,85852.88,84483.45,90707.07,,混合,,50.9,3485.21,30304032956.0,0.9,,,,2024-11-08 00:00:00,86900.88
2025-03-27,86896.26,87786.73,85837.94,87177.1,24413471941,85893.24,84350.85,90430.2,,混合,,51.5,3375.46,28227422670.0,0.9,,,,2024-11-08 00:00:00,87177.1
2025-03-28,87185.23,87489.86,83557.64,84353.15,34198619509,85916.48,84237.06,90133.79,,混合,,45.6,3415.23,29027047742.0,1.2,,,,2024-11-08 00:00:00,84353.15
2025-03-29,84352.07,84567.34,81634.14,82597.59,16969396135,85735.77,84067.68,89859.4,,混合,,42.3,3380.8,28330550250.0,0.6,,,,2024-11-08 00:00:00,82597.59
2025-03-30,82596.98,83505.0,81573.25,82334.52,14763760943,85548.53,84150.23,89512.66,,混合,,41.8,3277.3,26365683326.0,0.6,,,,2024-11-08 00:00:00,82334.52
2025-03-31,82336.06,83870.12,81293.89,82548.91,29004228247,85110.35,84341.51,89234.06,,混合,,42.4,3227.22,25080752878.0,1.2,,,,2024-11-08 00:00:00,82548.91
2025-04-01,82551.92,85487.37,82429.36,85169.17,28175650319,84819.13,84451.36,89025.94,,混合,,49.0,3215.13,24471861171.0,1.2,,,,2024-11-08 00:00:00,85169.17
2025-04-02,85180.61,88466.95,82343.54,82485.71,47584398470,84195.88,84392.47,88769.44,,混合,,43.5,3422.87,25280434087.0,1.9,,,,2024-11-08 00:00:00,82485.71
2025-04-03,82487.48,83909.3,81282.1,83102.83,36852112080,83721.12,84489.43,88525.33,,混合,,45.1,3366.03,25643634071.0,1.4,,,,2024-11-08 00:00:00,83102.83
2025-04-04,83100.25,84696.15,81670.75,83843.8,45157640207,83304.46,84483.47,88295.53,,混合,,46.9,3341.7,27218991517.0,1.7,,,,2024-11-08 00:00:00,83843.8
2025-04-05,83844.7,84207.02,82377.73,83504.8,14380803631,83198.42,84443.55,88059.26,,混合,,46.1,3233.67,26871518190.0,0.5,,,,2024-11-08 00:00:00,83504.8
2025-04-06,83504.51,83704.72,77097.74,78214.48,36294853736,82650.53,84235.68,87709.75,,混合,,36.2,3474.62,27431621599.0,1.3,,,,2024-11-08 00:00:00,78214.48
2025-04-07,78221.34,81119.06,74436.68,79235.34,91262424987,82263.13,84005.19,87409.53,,混合,,38.9,3703.75,30789954118.0,3.0,,,,2024-11-08 00:00:00,79235.34
2025-04-08,79218.48,80823.89,76198.02,76271.95,48314590749,81478.51,83698.21,87016.55,,混合,,34.3,3769.61,31459085643.0,1.5,,,,2024-11-08 00:00:00,76271.95
2025-04-09,76273.56,83541.0,74589.67,82573.95,84213627038,81154.11,83494.39,86761.09,,混合,,48.3,4139.74,34218317547.0,2.5,,,,2024-11-08 00:00:00,82573.95
2025-04-10,82565.98,82700.93,78456.13,79626.14,44718000633,80796.66,83278.15,86435.95,,混合,,43.6,4147.24,35502694964.0,1.3,,,,2024-11-08 00:00:00,79626.14
2025-04-11,79625.05,84247.48,78936.32,83404.84,41656778779,80834.41,83247.75,86178.21,,混合,,50.3,4230.38,37092373198.0,1.1,,,,2024-11-08 00:00:00,83404.84
2025-04-12,83404.52,85856.19,82769.38,85287.11,24258059104,81014.83,83317.01,85980.25,,混合,,53.3,4148.69,37675545376.0,0.6,,,,2024-11-08 00:00:00,85287.11
2025-04-13,85279.47,86015.19,83027.01,83684.98,28796984817,81037.35,83204.18,85760.46,,混合,,50.5,4065.8,37386264371.0,0.8,,,,2024-11-08 00:00:00,83684.98
2025-04-14,83694.52,85785.0,83690.64,84542.39,34090769777,81828.34,83063.4,85560.51,,混合,,51.9,3925.39,37590510857.0,0.9,,,,2024-11-08 00:00:00,84542.39
2025-04-15,84539.7,86429.35,83598.82,83668.99,28040322885,82382.54,82882.32,85324.76,,混合,,50.3,3847.18,37657324699.0,0.7,,,,2024-11-08 00:00:00,83668.99
2025-04-16,83674.51,85428.28,83100.62,84033.87,29617804112,83352.78,82745.79,85064.76,,混合,,51.0,3738.65,37917541308.0,0.8,,,,2024-11-08 00:00:00,84033.87
2025-04-17,84030.67,85449.07,83749.75,84895.75,21276866029,83643.01,82637.16,84860.58,,混合,,52.7,3592.98,37271453634.0,0.6,,,,2024-11-08 00:00:00,84895.75
2025-04-18,84900.19,85095.05,84298.88,84450.8,12728372364,84246.09,82641.81,84640.09,,混合,,51.7,3393.21,37059402445.0,0.3,,,,2024-11-08 00:00:00,84450.8
2025-04-19,84450.87,85597.7,84353.46,85063.41,15259300427,84453.41,82759.23,84436.26,,混合,,53.0,3239.71,37084179420.0,0.4,,,,2024-11-08 00:00:00,85063.41
2025-04-20,85066.07,85306.38,83976.84,85174.3,14664050812,84439.31,82894.45,84322.74,,混合,,53.2,3103.27,36367170548.0,0.4,,,,2024-11-08 00:00:00,85174.3
2025-04-21,85171.54,88460.09,85143.84,87518.91,41396190190,84918.55,83131.12,84300.6,,混合,,58.1,3118.48,37028197541.0,1.1,,,,2024-11-08 00:00:00,87518.91
2025-04-22,87521.88,93817.38,87084.53,93441.89,55899038456,86030.99,83525.06,84465.96,,混合,,67.4,3376.65,37443929541.0,1.5,,,,2024-11-08 00:00:00,93441.89
2025-04-23,93427.59,94535.73,91962.96,93699.11,41719568821,87284.76,84059.03,84629.51,,混合,,67.7,3319.23,37687302378.0,1.1,,,,2024-11-08 00:00:00,93699.11
2025-04-24,93692.4,94016.2,91696.71,93943.8,31483175315,88523.5,84575.27,84803.52,,混合,,68.1,3247.82,37003579133.0,0.9,,,,2024-11-08 00:00:00,93943.8
2025-04-25,93954.25,95768.39,92898.59,94720.5,40915232364,89751.59,85093.21,84961.5,,混合,,69.2,3220.82,38330300570.0,1.1,,,,2024-11-08 00:00:00,94720.5
2025-04-26,94714.65,95251.36,93927.25,94646.93,17612825123,91026.11,85623.78,84968.74,,混合,,68.9,3085.34,37396199139.0,0.5,,,,2024-11-08 00:00:00,94646.93
2025-04-27,94660.91,95301.2,93665.4,93754.84,18090367764,92112.54,86363.8,85108.55,,混合,,65.9,2981.8,33737596278.0,0.5,,,,2024-11-08 00:00:00,93754.84
2025-04-28,93755.3,95598.49,92860.8,94978.75,32363449569,93338.09,87113.49,85249.57,,混合,,68.0,2964.37,32940039219.0,1.0,,,,2024-11-08 00:00:00,94978.75
2025-04-29,94981.86,95485.41,93796.63,94284.79,25806129921,94183.83,87971.24,85316.14,,混合,,65.6,2873.25,30019664363.0,0.9,,,,2024-11-08 00:00:00,94284.79
2025-04-30,94286.47,95249.32,92979.64,94207.31,28344679831,94279.5,88525.21,85393.33,,混合,,65.3,2830.14,29200998323.0,1.0,,,,2024-11-08 00:00:00,94207.31
2025-05-01,94212.86,97437.96,94153.63,96492.34,32875889623,94628.66,89328.36,85570.6,,混合,,69.4,2862.58,28761953865.0,1.1,,,,2024-11-08 00:00:00,96492.34
2025-05-02,96494.97,97905.9,96375.95,96910.07,26421924677,94999.44,89971.47,85766.16,,混合,,70.1,2767.39,28870147144.0,0.9,,,,2024-11-08 00:00:00,96910.07
2025-05-03,96904.63,96943.88,95821.29,95891.8,15775154889,95145.85,90476.45,86044.17,,混合,,66.1,2649.91,28219055647.0,0.6,,,,2024-11-08 00:00:00,95891.8
2025-05-04,95877.19,96318.92,94173.43,94315.98,18198688416,95104.48,90982.69,86331.15,,混合,,60.4,2613.88,27424451579.0,0.7,,,,2024-11-08 00:00:00,94315.98
2025-05-05,94319.56,95193.19,93566.27,94748.05,25816260327,95228.64,91468.68,86547.26,,混合,,61.4,2543.38,27313248452.0,0.9,,,,2024-11-08 00:00:00,94748.05
2025-05-06,94748.38,96889.18,93399.86,96802.48,26551275827,95456.6,92094.08,86785.08,,混合,,65.8,2610.95,27159922037.0,1.0,,,,2024-11-08 00:00:00,96802.48
2025-05-07,96800.2,97625.8,95829.34,97032.32,76983822462,95800.04,92713.05,87075.36,,混合,,66.2,2552.77,29945269859.0,2.6,,,,2024-11-08 00:00:00,97032.32
2025-05-08,97034.25,103969.54,96913.88,103241.46,69895404397,96929.31,93586.66,87425.77,,混合,,75.7,2874.41,32803621461.0,2.1,,,,2024-11-08 00:00:00,103241.46
2025-05-09,103239.12,104297.49,102343.09,102970.85,58198593958,97739.13,94468.57,87764.45,,混合,,74.7,2808.69,34950586137.0,1.7,,,,2024-11-08 00:00:00,102970.85
2025-05-10,102973.71,104961.77,102830.48,104696.33,42276713994,98712.41,95403.47,88166.57,,混合,,76.8,2760.31,36331219296.0,1.2,,,,2024-11-08 00:00:00,104696.33
2025-05-11,104701.07,104937.99,103364.74,104106.36,46285517406,99739.23,96304.99,88530.77,,混合,,74.6,2675.52,36575685657.0,1.3,,,,2024-11-08 00:00:00,104106.36
2025-05-12,104106.96,105747.45,100814.41,102812.95,63250475404,100801.35,97033.28,88896.12,,混合,,69.7,2836.77,36943257504.0,1.7,,,,2024-11-08 00:00:00,102812.95
2025-05-13,102812.49,104997.42,101515.09,104169.81,52608876410,101979.07,97544.13,89210.95,,混合,,71.8,2882.88,37487722884.0,1.4,,,,2024-11-08 00:00:00,104169.81
2025-05-14,104167.33,104303.56,102618.3,103539.41,45956071155,102821.19,98012.72,89563.17,,混合,,69.4,2797.34,38211367676.0,1.2,,,,2024-11-08 00:00:00,103539.41
2025-05-15,103538.83,104153.62,101440.81,103744.64,50408241840,103660.23,98479.43,89921.38,,混合,,69.8,2791.3,38686018150.0,1.3,,,,2024-11-08 00:00:00,103744.64
2025-05-16,103735.66,104533.48,103137.48,103489.29,44386499364,103691.21,98896.99,90278.78,,混合,,68.7,2691.63,40024701862.0,1.1,,,,2024-11-08 00:00:00,103489.29
2025-05-17,103489.29,103716.95,102659.18,103191.09,37898552742,103718.74,99303.85,90590.35,,混合,,67.4,2574.93,41015111111.0,0.9,,,,2024-11-08 00:00:00,103191.09
2025-05-18,103186.95,106597.17,103142.6,106446.01,49887082058,103937.45,99908.19,90934.85,,混合,,73.3,2637.76,41891292735.0,1.2,,,,2024-11-08 00:00:00,106446.01
2025-05-19,106430.53,107068.72,102112.69,105606.18,61761126647,104124.92,100414.26,91264.56,,混合,,69.8,2803.35,43689042571.0,1.4,,,,2024-11-08 00:00:00,105606.18
2025-05-20,105605.41,107307.12,104206.52,106791.09,36515726122,104622.19,101009.8,91626.2,,混合,,71.8,2824.58,44097594886.0,0.8,,,,2024-11-08 00:00:00,106791.09
2025-05-21,106791.31,110724.46,106127.23,109678.08,78086364051,105310.72,101746.5,92035.31,,混合,,76.1,2951.2,46358118607.0,1.7,,,,2024-11-08 00:00:00,109678.08
2025-05-22,109673.49,111970.17,109285.07,111673.28,70157575642,106327.46,102469.41,92532.04,,混合,,78.5,2932.19,48544901156.0,1.4,,,,2024-11-08 00:00:00,111673.28
2025-05-23,111679.36,111798.91,106841.3,107287.8,67548133399,106770.35,102963.58,92980.96,,混合,,63.4,3076.87,51133550081.0,1.3,,,,2024-11-08 00:00:00,107287.8
2025-05-24,107278.51,109454.52,106895.29,107791.16,45903627163,107308.08,103530.22,93443.8,,混合,,64.2,3039.89,52518797018.0,0.9,,,,2024-11-08 00:00:00,107791.16
2025-05-25,107802.27,109313.3,106683.38,109035.39,47518041841,108038.62,104231.14,93925.38,93965.94,混合,16.04,66.3,3010.61,53603886094.0,0.9,2024-11-07 00:00:00,2025-05-25 00:00:00,200.0,2024-11-08 00:00:00,109035.39
2025-05-26,109023.78,110376.88,108735.64,109440.37,45950461571,108412.92,104930.78,94366.67,94133.62,完整多头,16.26,67.0,2912.8,54573845381.0,0.8,2024-11-08 00:00:00,2025-05-26 00:00:00,200.0,2024-11-08 00:00:00,109440.37
2025-05-27,109440.41,110744.21,107609.55,108994.64,57450176272,108836.47,105511.36,94848.65,94295.87,完整多头,15.59,65.4,2928.64,53597163072.0,1.1,2024-11-09 00:00:00,2025-05-27 00:00:00,200.0,2024-11-08 00:00:00,108994.64
2025-05-28,108992.17,109298.29,106812.93,107802.33,49155377493,108962.88,106024.21,95297.73,94450.98,混合,14.14,61.4,2896.98,52560161727.0,0.9,2024-11-10 00:00:00,2025-05-28 00:00:00,200.0,2024-11-08 00:00:00,107802.33
2025-05-29,107795.57,108910.05,105374.4,105641.76,56022752042,108458.34,106138.51,95694.06,94576.82,混合,11.7,54.7,2942.6,52451369631.0,1.1,2024-11-11 00:00:00,2025-05-29 00:00:00,200.0,2024-11-08 00:00:00,105641.76
2025-05-30,105646.21,106308.95,103685.79,103998.57,57655287183,107499.0,106187.45,96066.67,94653.31,混合,9.87,50.2,2919.78,53220298290.0,1.1,2024-11-12 00:00:00,2025-05-30 00:00:00,200.0,2024-11-08 00:00:00,103998.57
2025-05-31,103994.72,104927.1,103136.12,104638.09,38997843858,107167.79,106184.68,96547.1,94736.72,混合,10.45,51.9,2839.15,52855914613.0,0.7,2024-11-13 00:00:00,2025-05-31 00:00:00,200.0,2024-11-08 00:00:00,104638.09
2025-06-01,104637.3,105884.55,103826.95,105652.1,37397056873,106900.41,106258.29,97027.41,94812.06,混合,11.43,54.4,2783.33,51563243686.0,0.7,2024-11-14 00:00:00,2025-06-01 00:00:00,200.0,2024-11-08 00:00:00,105652.1
2025-06-02,105649.81,105958.31,103727.55,105881.53,45819706290,106506.17,106404.41,97565.76,94905.21,混合,11.57,55.0,2743.86,51223785180.0,0.9,2024-11-15 00:00:00,2025-06-02 00:00:00,200.0,2024-11-08 00:00:00,105881.53
2025-06-03,105888.48,106813.58,104920.84,105432.47,46196508367,106005.19,106464.54,97981.37,94977.05,混合,11.01,53.6,2683.07,51235807041.0,0.9,2024-11-16 00:00:00,2025-06-03 00:00:00,200.0,2024-11-08 00:00:00,105432.47
2025-06-04,105434.37,105997.7,104232.7,104731.98,44544857105,105472.35,106521.33,98437.84,95047.91,混合,10.19,51.3,2617.49,50942637804.0,0.9,2024-11-17 00:00:00,2025-06-04 00:00:00,200.0,2024-11-08 00:00:00,104731.98
2025-06-05,104750.78,105936.69,100436.88,101575.95,57479298400,104694.06,106418.05,98768.23,95106.56,混合,6.8,42.5,2823.37,51597277756.0,1.1,2024-11-18 00:00:00,2025-06-05 00:00:00,200.0,2024-11-08 00:00:00,101575.95
2025-06-06,101574.37,105376.77,101169.57,104390.34,48856653697,104537.63,106460.96,99115.56,95175.8,混合,9.68,50.6,2922.21,52145182804.0,0.9,2024-11-19 00:00:00,2025-06-06 00:00:00,200.0,2024-11-08 00:00:00,104390.34
2025-06-07,104390.65,105972.76,103987.31,105615.62,38365033776,104739.76,106576.42,99514.3,95242.16,混合,10.89,53.7,2855.3,51569080390.0,0.7,2024-11-20 00:00:00,2025-06-07 00:00:00,200.0,2024-11-08 00:00:00,105615.62
2025-06-08,105617.51,106497.06,105075.33,105793.65,36626232328,104884.21,106545.35,99900.68,95299.43,混合,11.01,54.1,2752.9,50312335674.0,0.7,2024-11-21 00:00:00,2025-06-08 00:00:00,200.0,2024-11-08 00:00:00,105793.65
2025-06-09,105793.02,110561.42,105400.23,110294.1,55903193732,105464.46,106768.59,100384.78,95358.38,混合,15.66,63.7,2924.92,51281709054.0,1.1,2024-11-22 00:00:00,2025-06-09 00:00:00,200.0,2024-11-08 00:00:00,110294.1
2025-06-10,110295.69,110380.12,108367.71,110257.23,54700101509,106011.42,106933.64,100861.56,95414.68,混合,15.56,63.5,2859.74,50112395927.0,1.1,2024-11-23 00:00:00,2025-06-10 00:00:00,200.0,2024-11-08 00:00:00,110257.23
2025-06-11,110261.8,110384.22,108086.33,108686.62,50842662052,106418.19,106886.43,101294.13,95469.22,混合,13.84,58.6,2819.61,49146650248.0,1.0,2024-11-24 00:00:00,2025-06-11 00:00:00,200.0,2024-11-08 00:00:00,108686.62
2025-06-12,108685.91,108780.7,105785.69,105929.05,54843867968,106567.82,106612.89,101684.64,95508.8,混合,10.91,51.1,2832.14,48511436976.0,1.1,2024-11-25 00:00:00,2025-06-12 00:00:00,200.0,2024-11-08 00:00:00,105929.05
2025-06-13,105924.59,106182.55,102822.02,106090.97,69550440846,107132.2,106555.9,102066.96,95573.74,混合,11.0,51.5,2869.88,49693777660.0,1.4,2024-11-26 00:00:00,2025-06-13 00:00:00,200.0,2024-11-08 00:00:00,106090.97
2025-06-14,106108.09,106203.76,104379.37,105472.41,38007870453,107267.46,106445.49,102436.02,95641.18,混合,10.28,49.9,2795.2,49218269091.0,0.8,2024-11-27 00:00:00,2025-06-14 00:00:00,200.0,2024-11-08 00:00:00,105472.41
2025-06-15,105464.84,106157.1,104519.88,105552.02,36744307742,107259.51,106279.61,102763.89,95689.13,混合,10.31,50.1,2712.49,48757961399.0,0.8,2024-11-28 00:00:00,2025-06-15 00:00:00,200.0,2024-11-08 00:00:00,105552.02
2025-06-16,105555.59,108915.38,104997.62,106796.76,50366626945,107384.9,106153.72,103006.71,95744.85,混合,11.54,53.6,2798.58,48403783933.0,1.0,2024-11-29 00:00:00,2025-06-16 00:00:00,200.0,2024-11-08 00:00:00,106796.76
2025-06-17,106794.12,107750.2,103396.53,104601.12,55964092176,106673.27,105944.51,103204.92,95780.55,混合,9.21,47.4,2909.66,48744219667.0,1.1,2024-11-30 00:00:00,2025-06-17 00:00:00,200.0,2024-11-08 00:00:00,104601.12
2025-06-18,104602.07,105581.85,103602.27,104883.33,47318089133,106001.54,105805.51,103403.82,95822.72,混合,9.46,48.2,2843.22,48308986522.0,1.0,2024-12-01 00:00:00,2025-06-18 00:00:00,200.0,2024-11-08 00:00:00,104883.33
2025-06-19,104886.77,105250.89,103940.77,104684.29,37333806920,105501.24,105759.92,103584.98,95859.74,混合,9.21,47.6,2733.72,47292912508.0,0.8,2024-12-02 00:00:00,2025-06-19 00:00:00,200.0,2024-11-08 00:00:00,104684.29
2025-06-20,104681.03,106539.38,102372.21,103309.6,50951862476,105173.81,105727.11,103742.49,95896.96,混合,7.73,43.8,2836.11,47890613439.0,1.1,2024-12-03 00:00:00,2025-06-20 00:00:00,200.0,2024-11-08 00:00:00,103309.6
2025-06-21,103315.08,104015.78,100973.06,102257.41,38360555118,104694.62,105613.74,103897.08,95928.24,混合,6.6,41.0,2850.86,47938788352.0,0.8,2024-12-04 00:00:00,2025-06-21 00:00:00,200.0,2024-11-08 00:00:00,102257.41
2025-06-22,102212.03,103351.63,98286.2,100987.14,65536997201,104133.96,105391.6,104006.32,95939.33,混合,5.26,37.9,3009.05,48924652897.0,1.3,2024-12-05 00:00:00,2025-06-22 00:00:00,200.0,2024-11-08 00:00:00,100987.14
2025-06-23,100987.48,106116.86,99705.75,105577.77,65237759656,104137.18,105377.14,104211.65,95984.25,混合,9.99,52.0,3252.05,49876715462.0,1.3,2024-12-06 00:00:00,2025-06-23 00:00:00,200.0,2024-11-08 00:00:00,105577.77
2025-06-24,105571.52,106316.83,104740.24,106045.63,48822986421,104043.29,105406.33,104426.89,96014.88,混合,10.45,53.2,3132.38,50090621927.0,1.0,2024-12-07 00:00:00,2025-06-24 00:00:00,200.0,2024-11-08 00:00:00,106045.63
2025-06-25,106047.41,108168.4,105881.39,107361.26,51624120283,104388.3,105531.54,104624.51,96052.07,混合,11.77,56.4,3071.99,49797863022.0,1.0,2024-12-08 00:00:00,2025-06-25 00:00:00,200.0,2024-11-08 00:00:00,107361.26
2025-06-26,107375.07,108305.55,106666.35,106960.0,43891990613,104647.89,105787.92,104807.24,96080.69,混合,11.32,55.1,2969.65,49549629867.0,0.9,2024-12-09 00:00:00,2025-06-26 00:00:00,200.0,2024-11-08 00:00:00,106960.0
2025-06-27,106954.92,107772.47,106449.99,107088.43,45353692675,104948.41,105916.4,105010.81,96128.97,混合,11.4,55.5,2851.99,49899062812.0,0.9,2024-12-10 00:00:00,2025-06-27 00:00:00,200.0,2024-11-08 00:00:00,107088.43
2025-06-28,107090.55,107567.88,106883.98,107327.7,30037708335,105450.67,105997.93,105247.39,96182.23,混合,11.59,56.1,2697.13,49569636613.0,0.6,2024-12-11 00:00:00,2025-06-28 00:00:00,200.0,2024-11-08 00:00:00,107327.7
2025-06-29,107327.82,108526.3,107230.11,108385.57,35534874438,106216.69,106121.35,105495.34,96218.29,完整多头,12.65,59.0,2597.06,48551220648.0,0.7,2024-12-12 00:00:00,2025-06-29 00:00:00,200.0,2024-11-08 00:00:00,108385.57
2025-06-30,108383.44,108798.79,106759.65,107135.34,42064804590,106985.21,105970.94,105683.21,96253.75,完整多头,11.31,54.4,2557.21,47919455802.0,0.9,2024-12-13 00:00:00,2025-06-30 00:00:00,200.0,2024-11-08 00:00:00,107135.34
2025-07-01,107144.38,107550.68,105270.23,105698.28,44110692247,107000.28,105753.84,105840.78,96274.95,混合,9.79,49.7,2537.44,47582857312.0,0.9,2024-12-14 00:00:00,2025-07-01 00:00:00,200.0,2024-11-08 00:00:00,105698.28
2025-07-02,105703.1,109763.66,105157.4,108859.32,56248657737,107351.99,105762.07,105942.92,96312.38,混合,13.03,58.3,2685.22,47653096800.0,1.2,2024-12-15 00:00:00,2025-07-02 00:00:00,200.0,2024-11-08 00:00:00,108859.32
2025-07-03,108845.02,110541.46,108605.8,109647.98,50494742270,107637.83,105939.16,106064.32,96339.12,混合,13.81,60.2,2631.68,46700311871.0,1.1,2024-12-16 00:00:00,2025-07-03 00:00:00,200.0,2024-11-08 00:00:00,109647.98
2025-07-04,109635.66,109751.98,107296.38,108034.34,42616442656,107772.12,106031.7,106125.01,96349.15,混合,12.13,54.8,2619.1,46930740482.0,0.9,2024-12-17 00:00:00,2025-07-04 00:00:00,200.0,2024-11-08 00:00:00,108034.34
2025-07-05,108015.84,108381.34,107842.27,108231.18,30615537520,107914.96,106163.07,106200.01,96359.6,混合,12.32,55.3,2470.53,46624301970.0,0.7,2024-12-18 00:00:00,2025-07-05 00:00:00,200.0,2024-11-08 00:00:00,108231.18
2025-07-06,108231.19,109731.62,107847.02,109232.07,36746020463,108153.01,106338.31,106316.72,96405.55,完整多头,13.3,58.0,2428.68,45943271646.0,0.8,2024-12-19 00:00:00,2025-07-06 00:00:00,200.0,2024-11-08 00:00:00,109232.07
2025-07-07,109235.33,109710.25,107527.05,108299.85,45415696597,108142.29,106409.89,106391.81,96459.6,完整多头,12.27,54.7,2411.14,45415851867.0,1.0,2024-12-20 00:00:00,2025-07-07 00:00:00,200.0,2024-11-08 00:00:00,108299.85
2025-07-08,108298.23,109198.97,107499.55,108950.27,44282204127,108369.16,106616.99,106490.19,96515.57,完整多头,12.88,56.6,2360.3,45264057617.0,1.0,2024-12-21 00:00:00,2025-07-08 00:00:00,200.0,2024-11-08 00:00:00,108950.27
2025-07-09,108950.27,111925.38,108357.68,111326.55,57927418065,109072.7,106923.81,106628.04,96586.08,完整多头,15.26,62.5,2446.55,46293738174.0,1.3,2024-12-22 00:00:00,2025-07-09 00:00:00,200.0,2024-11-08 00:00:00,111326.55
2025-07-10,111329.2,116608.78,110660.75,115987.2,95911605728,109963.68,107462.04,106855.28,96690.49,完整多头,19.96,71.0,2696.65,48541725337.0,2.0,2024-12-23 00:00:00,2025-07-10 00:00:00,200.0,2024-11-08 00:00:00,115987.2
2025-07-11,115986.23,118856.48,115245.69,117516.99,86928361085,110947.31,108138.59,107115.75,96804.64,完整多头,21.4,73.1,2761.95,50970115635.0,1.7,2024-12-24 00:00:00,2025-07-11 00:00:00,200.0,2024-11-08 00:00:00,117516.99
2025-07-12,117530.71,118219.9,116977.02,117435.23,45524560304,112122.42,108861.34,107315.55,96898.44,完整多头,21.19,72.8,2653.44,49969493790.0,0.9,2024-12-25 00:00:00,2025-07-12 00:00:00,200.0,2024-11-08 00:00:00,117435.23
2025-07-13,117432.2,119449.57,117265.44,119116.12,49021091807,113483.04,109724.62,107561.19,96997.52,完整多头,22.8,75.1,2619.92,49158660398.0,1.0,2024-12-26 00:00:00,2025-07-13 00:00:00,200.0,2024-11-08 00:00:00,119116.12
2025-07-14,119115.79,123091.61,118959.2,119849.7,181746419401,114810.24,110404.24,107798.62,97117.79,完整多头,23.41,76.1,2727.96,55804832047.0,3.3,2024-12-27 00:00:00,2025-07-14 00:00:00,200.0,2024-11-08 00:00:00,119849.7
2025-07-15,119853.85,119935.56,115765.69,117777.19,98321661181,115994.91,110962.88,107945.87,97235.86,完整多头,21.13,68.1,2830.95,58139709092.0,1.7,2024-12-28 00:00:00,2025-07-15 00:00:00,200.0,2024-11-08 00:00:00,117777.19
2025-07-16,117777.19,120065.52,117064.82,118738.51,72162029070,117218.44,111504.66,108074.33,97353.73,完整多头,21.97,69.7,2843.07,59553211015.0,1.2,2024-12-29 00:00:00,2025-07-16 00:00:00,200.0,2024-11-08 00:00:00,118738.51
2025-07-17,118738.51,120999.61,117508.22,119289.84,72363841798,118213.85,112091.79,108292.55,97482.53,完整多头,22.37,70.6,2889.38,60903718471.0,1.2,2024-12-30 00:00:00,2025-07-17 00:00:00,200.0,2024-11-08 00:00:00,119289.84
2025-07-18,119284.11,120851.91,116925.98,118003.23,77945799785,118465.85,112611.55,108478.23,97609.33,混合,20.89,65.6,2963.42,63299123043.0,1.2,2024-12-31 00:00:00,2025-07-18 00:00:00,200.0,2024-11-08 00:00:00,118003.23
2025-07-19,117998.12,118541.4,117388.41,117939.98,47564562765,118518.72,113116.89,108640.13,97731.88,混合,20.68,65.4,2834.1,63900607460.0,0.7,2025-01-01 00:00:00,2025-07-19 00:00:00,200.0,2024-11-08 00:00:00,117939.98
2025-07-20,117944.11,118865.03,116550.13,117300.79,57515447231,118501.92,113541.43,108783.04,97846.29,混合,19.88,62.9,2797.02,64673139592.0,0.9,2025-01-02 00:00:00,2025-07-20 00:00:00,200.0,2024-11-08 00:00:00,117300.79
2025-07-21,117306.47,119671.56,116584.4,117439.54,69820091744,118292.35,114032.1,108936.59,97949.05,混合,19.9,63.2,2817.74,65958609567.0,1.1,2025-01-03 00:00:00,2025-07-21 00:00:00,200.0,2024-11-08 00:00:00,117439.54
2025-07-22,117426.5,120269.97,116233.23,119995.41,79217583118,118310.56,114712.92,109158.28,98058.49,完整多头,22.37,68.8,2904.81,67107055836.0,1.2,2025-01-04 00:00:00,2025-07-22 00:00:00,200.0,2024-11-08 00:00:00,119995.41
2025-07-23,119997.45,120113.35,117391.39,118754.96,66608604537,118432.78,115184.14,109396.7,98161.08,完整多头,20.98,63.7,2891.75,67912748949.0,1.0,2025-01-05 00:00:00,2025-07-23 00:00:00,200.0,2024-11-08 00:00:00,118754.96
2025-07-24,118770.98,119535.45,117247.97,118368.0,72627318560,118386.47,115599.38,109657.96,98261.35,混合,20.46,62.2,2848.59,69413292744.0,1.0,2025-01-06 00:00:00,2025-07-24 00:00:00,200.0,2024-11-08 00:00:00,118368.0
2025-07-25,118368.0,118486.98,114759.82,117635.88,104857024569,118179.72,116056.6,109894.29,98339.14,混合,19.62,59.3,2911.35,73125367097.0,1.4,2025-01-07 00:00:00,2025-07-25 00:00:00,200.0,2024-11-08 00:00:00,117635.88
2025-07-26,117644.84,118335.69,117181.23,117947.37,48508954046,118172.74,116519.27,110117.84,98444.26,混合,19.81,60.2,2785.85,73713513776.0,0.7,2025-01-08 00:00:00,2025-07-26 00:00:00,200.0,2024-11-08 00:00:00,117947.37
2025-07-27,117944.73,119815.59,117859.69,119448.49,54683390892,118361.31,117005.77,110364.51,98566.29,完整多头,21.19,64.1,2726.57,74176898491.0,0.7,2025-01-09 00:00:00,2025-07-27 00:00:00,200.0,2024-11-08 00:00:00,119448.49
2025-07-28,119457.52,119819.79,117441.44,117924.48,64822943193,118439.27,117464.08,110591.64,98693.49,混合,19.49,57.9,2701.7,75203935444.0,0.9,2025-01-10 00:00:00,2025-07-28 00:00:00,200.0,2024-11-08 00:00:00,117924.48
2025-07-29,117938.59,119273.87,116987.37,117922.15,68463107433,118499.59,117891.31,110831.46,98809.59,混合,19.34,57.9,2672.04,75730719912.0,0.9,2025-01-11 00:00:00,2025-07-29 00:00:00,200.0,2024-11-08 00:00:00,117922.15
2025-07-30,117921.99,118780.73,115800.83,117831.19,68896148592,118229.06,118201.06,111127.01,98925.91,混合,19.11,57.5,2694.03,74379947056.0,0.9,2025-01-12 00:00:00,2025-07-30 00:00:00,200.0,2024-11-08 00:00:00,117831.19
2025-07-31,117833.63,118919.98,115505.22,115758.2,69370346018,117854.47,118190.15,111333.7,99032.26,混合,16.89,49.4,2745.51,73502046302.0,0.9,2025-01-13 00:00:00,2025-07-31 00:00:00,200.0,2024-11-08 00:00:00,115758.2
2025-08-01,115738.95,116060.77,112724.45,113320.09,91294530181,117223.48,117990.3,111473.78,99126.28,混合,14.32,42.0,2787.71,75790544796.0,1.2,2025-01-14 00:00:00,2025-08-01 00:00:00,200.0,2024-11-08 00:00:00,113320.09
2025-08-02,113320.39,114021.6,112005.77,112526.91,56870866000,116584.86,117756.57,111596.2,99206.24,混合,13.43,39.9,2732.58,76183033506.0,0.7,2025-01-15 00:00:00,2025-08-02 00:00:00,200.0,2024-11-08 00:00:00,112526.91
2025-08-03,112525.8,114747.42,111943.8,114217.67,48099615826,116118.65,117523.31,111667.54,99274.81,混合,15.05,46.1,2737.65,69500693327.0,0.7,2025-01-16 00:00:00,2025-08-03 00:00:00,200.0,2024-11-08 00:00:00,114217.67
2025-08-04,114223.92,115729.47,114130.41,115071.88,35783028986,115571.57,117295.8,111755.08,99351.39,混合,15.82,49.0,2656.33,66373761717.0,0.5,2025-01-17 00:00:00,2025-08-04 00:00:00,200.0,2024-11-08 00:00:00,115071.88
2025-08-05,115072.19,115117.44,112701.11,114141.45,61039182286,115098.69,117122.67,111854.26,99399.78,混合,14.83,46.1,2639.18,65817619378.0,0.9,2025-01-18 00:00:00,2025-08-05 00:00:00,200.0,2024-11-08 00:00:00,114141.45
2025-08-06,114140.91,115737.84,113372.25,115028.0,56379133510,114736.92,116945.98,112019.69,99452.88,混合,15.66,49.1,2619.64,65018383964.0,0.9,2025-01-19 00:00:00,2025-08-06 00:00:00,200.0,2024-11-08 00:00:00,115028.0
2025-08-07,115030.05,117676.91,114279.71,117496.9,64051649681,114695.14,116860.6,112227.07,99534.92,混合,18.05,56.5,2675.18,64323676458.0,1.0,2025-01-20 00:00:00,2025-08-07 00:00:00,200.0,2024-11-08 00:00:00,117496.9
2025-08-08,117505.5,117689.2,115917.46,116688.73,59713005166,114811.45,116798.0,112431.01,99608.28,混合,17.15,53.8,2610.65,64931098578.0,0.9,2025-01-21 00:00:00,2025-08-08 00:00:00,200.0,2024-11-08 00:00:00,116688.73
2025-08-09,116678.27,117906.61,116363.84,116500.36,54004312429,115208.99,116729.45,112630.07,99660.05,混合,16.9,53.1,2534.37,64755541838.0,0.8,2025-01-22 00:00:00,2025-08-09 00:00:00,200.0,2024-11-08 00:00:00,116500.36
2025-08-10,116497.72,119320.71,116485.16,119306.76,64755458694,116056.47,116824.97,112857.52,99738.32,混合,19.62,60.8,2555.88,64502310186.0,1.0,2025-01-23 00:00:00,2025-08-10 00:00:00,200.0,2024-11-08 00:00:00,119306.76
2025-08-11,119306.81,122321.09,118159.03,118731.45,90528784177,116620.69,116886.49,113114.44,99812.17,混合,18.95,58.7,2670.61,65067870239.0,1.4,2025-01-24 00:00:00,2025-08-11 00:00:00,200.0,2024-11-08 00:00:00,118731.45
2025-08-12,118717.66,120302.47,118228.72,120172.91,72803657984,117258.32,116894.94,113392.43,99888.94,完整多头,20.31,62.2,2627.98,65377622911.0,1.1,2025-01-25 00:00:00,2025-08-12 00:00:00,200.0,2024-11-08 00:00:00,120172.91
2025-08-13,120168.98,123682.45,118939.63,123344.06,90904808795,118408.64,117113.47,113731.7,99982.09,完整多头,23.37,68.6,2779.04,66291497423.0,1.4,2025-01-26 00:00:00,2025-08-13 00:00:00,200.0,2024-11-08 00:00:00,123344.06
2025-08-14,123339.4,124457.12,117254.88,118359.58,104055627395,118825.09,117113.07,114005.33,100060.47,混合,18.29,53.3,3094.98,66251427564.0,1.6,2025-01-27 00:00:00,2025-08-14 00:00:00,200.0,2024-11-08 00:00:00,118359.58
2025-08-15,118365.78,119332.31,116864.57,117398.35,68665353159,118812.77,117101.76,114280.62,100137.03,混合,17.24,51.0,3050.18,67259247520.0,1.0,2025-01-28 00:00:00,2025-08-15 00:00:00,200.0,2024-11-08 00:00:00,117398.35
2025-08-16,117398.42,117996.06,117271.95,117491.35,48036922378,118913.1,117080.05,114580.7,100217.82,混合,17.24,51.2,2884.03,66926924094.0,0.7,2025-01-29 00:00:00,2025-08-16 00:00:00,200.0,2024-11-08 00:00:00,117491.35
2025-08-17,117492.79,118595.77,117279.52,117453.06,45852169525,119032.19,116985.02,114796.61,100286.57,混合,17.12,51.1,2772.05,65978385411.0,0.7,2025-01-30 00:00:00,2025-08-17 00:00:00,200.0,2024-11-08 00:00:00,117453.06
2025-08-18,117453.91,117614.17,114723.68,116252.31,72787808090,118650.38,116905.4,114982.19,100344.16,混合,15.85,47.8,2780.51,66194620444.0,1.1,2025-01-31 00:00:00,2025-08-18 00:00:00,200.0,2024-11-08 00:00:00,116252.31
2025-08-19,116241.86,116764.5,112730.4,112831.18,71657600353,117912.85,116662.97,115081.64,100396.29,混合,12.39,40.0,2870.05,66332693032.0,1.1,2025-02-01 00:00:00,2025-08-19 00:00:00,200.0,2024-11-08 00:00:00,112831.18
2025-08-20,112828.02,114625.8,112387.96,114274.74,67993811526,117175.58,116493.62,115214.64,100464.38,混合,13.75,44.2,2824.89,66263866307.0,1.0,2025-02-02 00:00:00,2025-08-20 00:00:00,200.0,2024-11-08 00:00:00,114274.74
2025-08-21,114275.69,114802.65,111986.23,112419.03,57817883700,115809.95,116334.61,115311.56,100538.03,混合,11.82,40.3,2824.29,64590033983.0,0.9,2025-02-03 00:00:00,2025-08-21 00:00:00,200.0,2024-11-08 00:00:00,112419.03
2025-08-22,112433.73,117377.4,111678.95,116874.09,82528088240,115624.26,116503.85,115485.13,100615.37,混合,16.16,51.3,3029.58,65872895095.0,1.3,2025-02-04 00:00:00,2025-08-22 00:00:00,200.0,2024-11-08 00:00:00,116874.09
2025-08-23,116866.37,116996.25,114536.11,115374.33,55377142586,115371.26,116639.44,115612.2,100702.89,混合,14.57,48.1,2988.91,66236771433.0,0.8,2025-02-05 00:00:00,2025-08-23 00:00:00,200.0,2024-11-08 00:00:00,115374.33
2025-08-24,115387.39,115615.09,111060.55,113458.43,73961489632,114867.15,116603.28,115727.16,100787.1,混合,12.57,44.3,3100.74,68145694465.0,1.1,2025-02-06 00:00:00,2025-08-24 00:00:00,200.0,2024-11-08 00:00:00,113458.43
2025-08-25,113456.9,113637.84,109324.28,110124.35,85706860190,113951.06,116367.69,115807.64,100854.76,混合,9.19,38.5,3187.37,69379078360.0,1.2,2025-02-07 00:00:00,2025-08-25 00:00:00,200.0,2024-11-08 00:00:00,110124.35
2025-08-26,110124.1,112397.02,108762.04,111802.66,69396320317,113394.85,116256.32,115861.15,100931.13,混合,10.77,42.6,3219.34,70029937701.0,1.0,2025-02-08 00:00:00,2025-08-26 00:00:00,200.0,2024-11-08 00:00:00,111802.66
2025-08-27,111795.71,112619.41,110398.27,111222.06,62137056409,113193.71,116075.08,115889.77,101004.82,混合,10.12,41.6,3148.04,69934208037.0,0.9,2025-02-09 00:00:00,2025-08-27 00:00:00,200.0,2024-11-08 00:00:00,111222.06
2025-08-28,111219.05,113450.08,110900.92,112544.8,58860155962,112977.47,115839.27,115971.78,101085.05,混合,11.34,44.8,3105.26,69891565577.0,0.8,2025-02-10 00:00:00,2025-08-28 00:00:00,200.0,2024-11-08 00:00:00,112544.8
2025-08-29,112550.52,112619.05,107559.62,108410.84,77843379644,112476.44,115445.08,115975.05,101139.91,混合,7.19,37.8,3244.85,71083518938.0,1.1,2025-02-11 00:00:00,2025-08-29 00:00:00,200.0,2024-11-08 00:00:00,108410.84
2025-08-30,108409.41,108929.35,107444.45,108808.07,51486264208,111468.19,115078.78,115967.34,101205.22,混合,7.51,38.8,3119.14,70420059214.0,0.7,2025-02-12 00:00:00,2025-08-30 00:00:00,200.0,2024-11-08 00:00:00,108808.07
2025-08-31,108818.46,109491.0,108104.66,108236.71,47986191770,110575.99,114551.64,115966.19,101256.97,混合,6.89,37.8,2995.37,68292929593.0,0.7,2025-02-13 00:00:00,2025-08-31 00:00:00,200.0,2024-11-08 00:00:00,108236.71
2025-09-01,108228.75,109890.59,107271.18,109250.59,66870372995,110050.01,114100.17,115971.65,101320.1,混合,7.83,40.6,2968.51,67996265344.0,1.0,2025-02-14 00:00:00,2025-09-01 00:00:00,200.0,2024-11-08 00:00:00,109250.59
2025-09-02,109243.07,111748.02,108454.03,111200.59,74776999491,110184.54,113672.91,115969.36,101388.56,混合,9.68,45.5,2991.76,67189874878.0,1.1,2025-02-15 00:00:00,2025-09-02 00:00:00,200.0,2024-11-08 00:00:00,111200.59
2025-09-03,111190.7,112600.23,110582.96,111723.21,61119643565,110174.61,113119.54,115891.83,101459.28,混合,10.12,46.8,2922.15,65043075687.0,0.9,2025-02-16 00:00:00,2025-09-03 00:00:00,200.0,2024-11-08 00:00:00,111723.21
2025-09-04,111718.15,112208.33,109347.23,110723.6,60131132901,110112.3,112755.92,115768.32,101532.02,混合,9.05,44.7,2917.79,64616364674.0,0.9,2025-02-17 00:00:00,2025-09-04 00:00:00,200.0,2024-11-08 00:00:00,110723.6
2025-09-05,110723.02,113357.49,110233.4,110650.98,60241647677,109875.57,112434.62,115644.97,101606.41,混合,8.9,44.5,2932.53,65226600939.0,0.9,2025-02-18 00:00:00,2025-09-05 00:00:00,200.0,2024-11-08 00:00:00,110650.98
2025-09-06,110650.57,111275.02,110024.09,110224.7,21500719036,110102.31,112088.59,115483.3,101679.83,混合,8.4,43.5,2812.41,64009028415.0,0.3,2025-02-19 00:00:00,2025-09-06 00:00:00,200.0,2024-11-08 00:00:00,110224.7
2025-09-07,110221.33,111591.08,110211.62,111167.62,24618007520,110397.25,111789.28,115325.45,101752.49,混合,9.25,46.4,2710.06,61600538386.0,0.4,2025-02-20 00:00:00,2025-09-07 00:00:00,200.0,2024-11-08 00:00:00,111167.62
2025-09-08,111163.02,112869.23,110630.61,112071.43,40212813407,110876.59,111590.19,115221.71,101821.18,混合,10.07,49.0,2676.39,60028299039.0,0.7,2025-02-21 00:00:00,2025-09-08 00:00:00,200.0,2024-11-08 00:00:00,112071.43
2025-09-09,112077.58,113225.44,110776.7,111530.55,45984480722,111161.58,111528.26,115090.65,101898.21,混合,9.45,47.5,2660.13,58927832499.0,0.8,2025-02-22 00:00:00,2025-09-09 00:00:00,200.0,2024-11-08 00:00:00,111530.55
2025-09-10,111531.25,114275.25,110940.08,113955.36,56377473784,111505.93,111513.05,114993.66,101985.09,混合,11.74,54.3,2708.34,58855812003.0,1.0,2025-02-23 00:00:00,2025-09-10 00:00:00,200.0,2024-11-08 00:00:00,113955.36
2025-09-11,113961.43,115522.55,113453.84,115507.54,45685065332,111978.97,111660.12,114948.29,102081.26,混合,13.15,58.1,2662.65,57013660857.0,0.8,2025-02-24 00:00:00,2025-09-11 00:00:00,200.0,2024-11-08 00:00:00,115507.54
2025-09-12,115507.79,116769.38,114794.48,116101.58,54785725894,112651.22,111623.33,114914.86,102204.68,混合,13.6,59.5,2613.53,56984090023.0,1.0,2025-02-25 00:00:00,2025-09-12 00:00:00,200.0,2024-11-08 00:00:00,116101.58
2025-09-13,116093.56,116334.63,115248.27,115950.51,34549454947,113313.66,111650.77,114890.31,102340.75,混合,13.3,58.9,2504.45,55013488289.0,0.6,2025-02-26 00:00:00,2025-09-13 00:00:00,200.0,2024-11-08 00:00:00,115950.51
2025-09-14,115950.29,116181.5,115222.4,115407.66,32798036057,113961.53,111743.59,114853.37,102496.05,混合,12.6,57.0,2394.06,52368047082.0,0.6,2025-02-27 00:00:00,2025-09-14 00:00:00,200.0,2024-11-08 00:00:00,115407.66
2025-09-15,115399.63,116747.88,114461.06,115444.88,52937859416,114496.19,111996.95,114770.63,102649.76,混合,12.46,57.1,2386.4,51545124037.0,1.0,2025-02-28 00:00:00,2025-09-15 00:00:00,200.0,2024-11-08 00:00:00,115444.88
2025-09-16,115423.76,117005.27,114813.09,116843.19,45781744593,115092.66,112236.97,114735.87,102812.11,混合,13.65,60.9,2372.53,50727358446.0,0.9,2025-03-01 00:00:00,2025-09-16 00:00:00,200.0,2024-11-08 00:00:00,116843.19
2025-09-17,116840.51,117328.61,114794.98,116468.51,60528025996,115709.9,112486.8,114701.33,102964.29,混合,13.12,59.4,2384.04,50810751948.0,1.2,2025-03-02 00:00:00,2025-09-17 00:00:00,200.0,2024-11-08 00:00:00,116468.51
2025-09-18,116461.27,117911.79,116188.8,117137.2,49457272032,116107.63,112705.49,114692.27,103078.74,混合,13.64,61.3,2336.82,49391446567.0,1.0,2025-03-03 00:00:00,2025-09-18 00:00:00,200.0,2024-11-08 00:00:00,117137.2
2025-09-19,117137.67,117479.76,115141.82,115688.86,38828473971,116130.3,113052.06,114651.2,103226.85,混合,12.07,55.3,2336.9,48758557055.0,0.8,2025-03-04 00:00:00,2025-09-19 00:00:00,200.0,2024-11-08 00:00:00,115688.86
2025-09-20,115691.12,116191.15,115473.52,115721.96,22864449614,116082.84,113381.3,114583.45,103369.35,混合,11.95,55.4,2221.24,47502469948.0,0.5,2025-03-05 00:00:00,2025-09-20 00:00:00,200.0,2024-11-08 00:00:00,115721.96
2025-09-21,115730.23,115901.09,115252.58,115306.09,22495852193,116002.29,113717.93,114535.84,103492.76,混合,11.41,53.6,2108.9,45283743907.0,0.5,2025-03-06 00:00:00,2025-09-21 00:00:00,200.0,2024-11-08 00:00:00,115306.09
2025-09-22,115309.22,115431.31,112037.65,112748.51,70684158591,115669.9,113884.5,114441.77,103606.7,混合,8.82,44.4,2200.67,45079101862.0,1.6,2025-03-07 00:00:00,2025-09-22 00:00:00,200.0,2024-11-08 00:00:00,112748.51
2025-09-23,112757.48,113351.91,111535.57,112014.5,47211853279,115241.1,113923.26,114336.02,103733.06,混合,7.98,42.1,2173.22,44383712348.0,1.1,2025-03-08 00:00:00,2025-09-23 00:00:00,200.0,2024-11-08 00:00:00,112014.5
2025-09-24,112007.66,113986.27,111229.64,113328.63,48044595085,114801.78,113999.71,114291.84,103868.93,混合,9.11,47.3,2214.89,43779385457.0,1.1,2025-03-09 00:00:00,2025-09-24 00:00:00,200.0,2024-11-08 00:00:00,113328.63
2025-09-25,113330.16,113541.09,108713.4,109049.29,75528654284,113874.38,113919.98,114214.19,104011.17,混合,4.84,36.0,2401.52,44543735788.0,1.7,2025-03-10 00:00:00,2025-09-25 00:00:00,200.0,2024-11-08 00:00:00,109049.29
2025-09-26,109041.3,110359.2,108728.98,109712.83,57738288949,112946.33,113875.3,114163.03,104167.07,混合,5.32,38.5,2346.43,46355614283.0,1.2,2025-03-11 00:00:00,2025-09-26 00:00:00,200.0,2024-11-08 00:00:00,109712.83
2025-09-27,109707.14,109778.5,109144.3,109681.95,26308042910,112195.47,113849.46,114080.56,104301.17,混合,5.16,38.4,2224.12,46440116053.0,0.6,2025-03-12 00:00:00,2025-09-27 00:00:00,200.0,2024-11-08 00:00:00,109681.95
2025-09-28,109681.95,112375.48,109236.95,112122.64,33371048505,111745.55,113894.94,114026.94,104443.17,混合,7.35,47.0,2289.44,46098027808.0,0.7,2025-03-13 00:00:00,2025-09-28 00:00:00,200.0,2024-11-08 00:00:00,112122.64
2025-09-29,112117.88,114473.57,111589.95,114400.38,60000147466,111632.34,114005.84,114031.64,104609.84,混合,9.36,53.6,2331.88,46798811145.0,1.3,2025-03-14 00:00:00,2025-09-29 00:00:00,200.0,2024-11-08 00:00:00,114400.38
2025-09-30,114396.52,114836.62,112740.56,114056.09,58986330258,111795.79,114126.1,114013.97,104760.27,混合,8.87,52.5,2315.04,46929253969.0,1.3,2025-03-15 00:00:00,2025-09-30 00:00:00,200.0,2024-11-08 00:00:00,114056.09
2025-10-01,114057.59,118648.93,113981.4,118648.93,71328680132,112625.09,114349.61,114034.92,104931.8,混合,13.07,63.0,2483.07,48211434709.0,1.5,2025-03-16 00:00:00,2025-10-01 00:00:00,200.0,2024-11-08 00:00:00,118648.93
2025-10-02,118652.38,121086.41,118383.16,120681.26,71415163912,113544.17,114595.97,114107.51,105122.31,混合,14.8,66.5,2498.8,49042906610.0,1.5,2025-03-17 00:00:00,2025-10-02 00:00:00,200.0,2024-11-08 00:00:00,120681.26
2025-10-03,120656.98,123944.7,119344.31,122266.53,83941392228,115196.33,114889.54,114212.35,105313.27,完整多头,16.1,69.0,2648.91,51512503474.0,1.6,2025-03-18 00:00:00,2025-10-03 00:00:00,200.0,2024-11-08 00:00:00,122266.53
2025-10-04,122267.47,122857.64,121577.57,122425.43,36769171735,116785.4,115197.87,114269.05,105511.8,完整多头,16.03,69.2,2551.14,51711060257.0,0.7,2025-03-19 00:00:00,2025-10-04 00:00:00,200.0,2024-11-08 00:00:00,122425.43
2025-10-05,122419.67,125559.21,122191.96,123513.48,73689317763,118514.34,115583.86,114356.0,105695.1,完整多头,16.86,70.9,2609.43,52748633175.0,1.4,2025-03-20 00:00:00,2025-10-05 00:00:00,200.0,2024-11-08 00:00:00,123513.48
2025-10-06,123510.45,126198.07,123196.05,124752.53,72568881188,120093.08,116027.08,114439.26,105898.02,完整多头,17.8,72.7,2637.47,54087990005.0,1.3,2025-03-21 00:00:00,2025-10-06 00:00:00,200.0,2024-11-08 00:00:00,124752.53
2025-10-07,124752.14,125184.02,120681.97,121451.38,76149412513,120974.45,116246.52,114404.85,106085.06,完整多头,14.48,61.6,2770.66,54869059330.0,1.4,2025-03-22 00:00:00,2025-10-07 00:00:00,200.0,2024-11-08 00:00:00,121451.38
2025-10-08,121448.35,124167.09,121119.18,123354.87,65354305286,122136.8,116574.44,114495.68,106282.68,完整多头,16.06,64.9,2790.46,55663910993.0,1.2,2025-03-23 00:00:00,2025-10-08 00:00:00,200.0,2024-11-08 00:00:00,123354.87
2025-10-09,123337.07,123739.34,119812.03,121705.59,74653009425,122518.88,116791.99,114573.99,106460.93,混合,14.32,60.0,2871.67,57455137766.0,1.3,2025-03-24 00:00:00,2025-10-09 00:00:00,200.0,2024-11-08 00:00:00,121705.59
2025-10-10,121704.74,122509.66,104582.41,113214.37,153125018868,121585.52,116674.15,114496.23,106589.51,混合,6.22,42.4,3947.06,63968166228.0,2.4,2025-03-25 00:00:00,2025-10-10 00:00:00,200.0,2024-11-08 00:00:00,113214.37
2025-10-11,113236.43,113429.73,109760.56,110807.88,110236934340,120153.19,116440.15,114375.4,106706.19,混合,3.84,38.9,3927.21,68355220336.0,1.6,2025-03-26 00:00:00,2025-10-11 00:00:00,200.0,2024-11-08 00:00:00,110807.88
2025-10-12,110811.52,115805.06,109715.54,115169.77,93710414091,119246.23,116433.66,114355.72,106847.53,混合,7.79,47.3,4081.66,69506533111.0,1.3,2025-03-27 00:00:00,2025-10-12 00:00:00,200.0,2024-11-08 00:00:00,115169.77
2025-10-13,115161.68,116020.48,113821.19,115271.08,71582026739,118215.93,116553.78,114400.08,106988.0,混合,7.74,47.5,3947.21,70725041784.0,1.0,2025-03-28 00:00:00,2025-10-13 00:00:00,200.0,2024-11-08 00:00:00,115271.08
2025-10-14,115264.88,115502.88,110029.48,113118.66,92212917403,116761.7,116606.36,114379.06,107131.83,混合,5.59,44.0,4056.22,72933457900.0,1.3,2025-03-29 00:00:00,2025-10-14 00:00:00,200.0,2024-11-08 00:00:00,113118.66
2025-10-15,113113.97,113622.38,110235.84,110783.16,72574132855,115428.17,116485.15,114349.32,107272.76,混合,3.27,40.6,4008.39,72785731828.0,1.0,2025-03-30 00:00:00,2025-10-15 00:00:00,200.0,2024-11-08 00:00:00,110783.16
2025-10-16,110782.17,111990.81,107537.03,108186.04,87306423067,113532.07,116444.04,114191.36,107402.02,混合,0.73,37.1,4040.2,74264138534.0,1.2,2025-03-31 00:00:00,2025-10-16 00:00:00,200.0,2024-11-08 00:00:00,108186.04
2025-10-17,108179.13,109235.8,103598.43,106467.79,99703051669,111627.34,116289.51,114029.42,107521.61,混合,-0.98,34.9,4154.29,77933888972.0,1.3,2025-04-01 00:00:00,2025-10-17 00:00:00,200.0,2024-11-08 00:00:00,106467.79
2025-10-18,106483.73,107490.98,106387.45,107198.27,37779905278,110875.33,116171.24,113915.6,107631.76,混合,-0.4,36.6,3936.38,78154331811.0,0.5,2025-04-02 00:00:00,2025-10-18 00:00:00,200.0,2024-11-08 00:00:00,107198.27
2025-10-19,107204.31,109488.99,106157.79,108666.71,47657008953,110607.68,116006.68,113889.1,107762.66,混合,0.84,40.0,3893.15,77537174885.0,0.6,2025-04-03 00:00:00,2025-10-19 00:00:00,200.0,2024-11-08 00:00:00,108666.71
2025-10-20,108667.45,111711.03,107485.02,110588.93,63507793085,110035.08,115825.18,113867.03,107900.09,混合,2.49,44.1,3916.93,77763248026.0,0.8,2025-04-04 00:00:00,2025-10-20 00:00:00,200.0,2024-11-08 00:00:00,110588.93
2025-10-21,110587.63,113996.34,107534.75,108476.89,101194375480,109185.81,115559.5,113817.12,108023.26,混合,0.42,40.8,4098.69,79256532794.0,1.3,2025-04-05 00:00:00,2025-10-21 00:00:00,200.0,2024-11-08 00:00:00,108476.89
2025-10-22,108491.53,109115.13,106778.0,107688.59,80807013218,108507.05,115037.58,113728.82,108144.18,混合,-0.42,39.6,3972.86,79726125259.0,1.0,2025-04-06 00:00:00,2025-10-22 00:00:00,200.0,2024-11-08 00:00:00,107688.59
2025-10-23,107679.44,111288.59,107548.43,110069.73,54944076060,108417.87,114532.27,113758.98,108303.45,混合,1.63,44.9,3956.24,78276259451.0,0.7,2025-04-07 00:00:00,2025-10-23 00:00:00,200.0,2024-11-08 00:00:00,110069.73
2025-10-24,110069.35,111842.53,109770.15,111033.92,48160816980,108773.85,113997.38,113799.45,108462.45,混合,2.37,46.9,3821.68,78845841713.0,0.6,2025-04-08 00:00:00,2025-10-24 00:00:00,200.0,2024-11-08 00:00:00,111033.92
2025-10-25,111032.62,111947.7,110704.41,111641.73,24707667305,109420.59,113483.87,113861.36,108639.3,混合,2.76,48.2,3637.51,76396759190.0,0.3,2025-04-09 00:00:00,2025-10-25 00:00:00,200.0,2024-11-08 00:00:00,111641.73
2025-10-26,111639.05,115260.91,111268.48,114472.45,41708524143,110329.87,113053.35,113956.3,108798.79,混合,5.21,53.9,3662.86,74853741338.0,0.6,2025-04-10 00:00:00,2025-10-26 00:00:00,200.0,2024-11-08 00:00:00,114472.45
2025-10-27,114479.85,116273.31,113882.29,114119.33,61761358733,111011.44,112547.01,114009.37,108971.25,混合,4.72,53.1,3572.01,74134338649.0,0.8,2025-04-11 00:00:00,2025-10-27 00:00:00,200.0,2024-11-08 00:00:00,114119.33
2025-10-28,114129.09,116078.98,112291.68,112956.16,64528066504,111307.35,112142.47,114031.79,109119.01,混合,3.52,50.5,3587.39,74093026710.0,0.9,2025-04-12 00:00:00,2025-10-28 00:00:00,200.0,2024-11-08 00:00:00,112956.16
2025-10-29,112921.33,113642.73,109368.72,110055.3,62192043469,111504.65,111509.16,114019.64,109242.85,混合,0.74,44.6,3636.44,73469978412.0,0.8,2025-04-13 00:00:00,2025-10-29 00:00:00,200.0,2024-11-08 00:00:00,110055.3
2025-10-30,110059.2,111612.35,106376.69,108305.55,69673964814,111581.77,110871.06,113976.99,109365.95,混合,-0.97,41.5,3750.67,69297425709.0,1.0,2025-04-14 00:00:00,2025-10-30 00:00:00,200.0,2024-11-08 00:00:00,108305.55
2025-10-31,108304.41,111031.82,108288.27,109556.16,60090359560,111517.58,110696.86,113964.84,109491.02,混合,0.06,44.5,3678.73,66790096970.0,0.9,2025-04-15 00:00:00,2025-10-31 00:00:00,200.0,2024-11-08 00:00:00,109556.16
2025-11-01,109558.62,110574.9,109372.95,110064.02,25871668762,111396.34,110661.44,113944.77,109623.0,混合,0.4,45.7,3501.82,63398159704.0,0.4,2025-04-16 00:00:00,2025-11-01 00:00:00,200.0,2024-11-08 00:00:00,110064.02
2025-11-02,110064.43,111167.31,109523.45,110639.62,34284209459,111271.07,110445.72,113918.74,109756.03,混合,0.81,47.1,3369.11,61533268840.0,0.6,2025-04-17 00:00:00,2025-11-02 00:00:00,200.0,2024-11-08 00:00:00,110639.62
2025-11-03,110646.91,110764.91,105336.36,106547.52,72852006359,110280.46,110030.31,113828.14,109864.29,混合,-3.02,39.3,3516.21,60565223288.0,1.2,2025-04-18 00:00:00,2025-11-03 00:00:00,200.0,2024-11-08 00:00:00,106547.52
2025-11-04,106541.42,107264.88,98962.06,101590.52,110967184773,108714.36,109481.35,113603.33,109949.98,混合,-7.6,32.3,3858.11,62484875884.0,1.8,2025-04-19 00:00:00,2025-11-04 00:00:00,200.0,2024-11-08 00:00:00,101590.52
2025-11-05,101579.23,104534.7,98989.91,103891.84,77584934804,107581.32,109153.19,113392.13,110044.13,混合,-5.59,37.8,3978.59,61998801470.0,1.3,2025-04-20 00:00:00,2025-11-05 00:00:00,200.0,2024-11-08 00:00:00,103891.84
2025-11-06,103893.66,104147.3,100336.87,101301.29,63932752861,106487.07,108825.35,113123.04,110124.76,混合,-8.01,34.4,3966.58,60210286530.0,1.1,2025-04-21 00:00:00,2025-11-06 00:00:00,200.0,2024-11-08 00:00:00,101301.29
2025-11-07,101286.24,104052.91,99257.05,103372.41,92168030081,105870.42,108677.95,112894.34,110204.03,混合,-6.2,39.2,4025.81,62929692770.0,1.5,2025-04-22 00:00:00,2025-11-07 00:00:00,200.0,2024-11-08 00:00:00,103372.41
2025-11-08,103371.7,103373.56,101458.04,102282.12,51446691095,104961.17,108443.85,112655.7,110248.23,混合,-7.23,37.6,3875.08,63119176877.0,0.8,2025-04-23 00:00:00,2025-11-08 00:00:00,200.0,2024-11-08 00:00:00,102282.12
2025-11-09,102278.98,105418.37,101468.88,104719.64,59679243013,104293.12,108255.89,112460.69,110303.33,混合,-5.06,43.0,3880.39,62927749374.0,0.9,2025-04-24 00:00:00,2025-11-09 00:00:00,200.0,2024-11-08 00:00:00,104719.64
2025-11-10,104723.77,106564.7,104350.65,105996.59,69585887229,103712.74,108037.21,112263.48,110363.6,混合,-3.96,45.7,3761.37,61347324961.0,1.1,2025-04-25 00:00:00,2025-11-10 00:00:00,200.0,2024-11-08 00:00:00,105996.59
2025-11-11,105996.86,107428.26,102457.33,102997.47,71130078574,103268.98,107776.28,112018.55,110404.98,混合,-6.71,40.9,3847.76,60863478229.0,1.2,2025-04-26 00:00:00,2025-11-11 00:00:00,200.0,2024-11-08 00:00:00,102997.47
2025-11-12,103011.44,105297.23,100836.62,101663.19,64347179408,103278.07,107489.36,111737.21,110440.06,混合,-7.95,38.9,3891.54,61333633396.0,1.0,2025-04-27 00:00:00,2025-11-12 00:00:00,200.0,2024-11-08 00:00:00,101663.19
2025-11-13,101674.15,104005.49,97988.72,99697.49,101546815416,102753.77,106995.44,111446.46,110469.78,混合,-9.75,36.1,4043.34,64002933318.0,1.6,2025-04-28 00:00:00,2025-11-13 00:00:00,200.0,2024-11-08 00:00:00,99697.49
2025-11-14,99694.7,99804.43,94000.73,94397.79,114346441890,101890.84,106203.25,111058.74,110466.87,混合,-14.55,30.0,4169.08,68484872047.0,1.7,2025-04-29 00:00:00,2025-11-14 00:00:00,200.0,2024-11-08 00:00:00,94397.79
2025-11-15,94420.47,96728.47,94420.47,95549.15,38500716654,100912.93,105436.93,110699.53,110473.19,混合,-13.51,32.7,4037.77,68324481673.0,0.6,2025-04-30 00:00:00,2025-11-15 00:00:00,200.0,2024-11-08 00:00:00,95549.15
2025-11-16,95556.87,96564.19,92971.16,94177.08,71086235862,99899.8,104470.49,110361.86,110473.04,空头排列,-14.75,31.1,4006.0,68790725529.0,1.0,2025-05-01 00:00:00,2025-11-16 00:00:00,200.0,2024-11-08 00:00:00,94177.08
2025-11-17,94180.88,95928.37,91214.76,92093.88,94186165724,98321.58,103421.66,109999.67,110451.05,空头排列,-16.62,28.9,4056.54,70273630490.0,1.3,2025-05-02 00:00:00,2025-11-17 00:00:00,200.0,2024-11-08 00:00:00,92093.88
2025-11-18,92094.53,93745.08,89300.46,92948.88,101333569062,96690.61,102468.93,109629.13,110431.24,空头排列,-15.83,31.1,4084.26,72230706770.0,1.4,2025-05-03 00:00:00,2025-11-18 00:00:00,200.0,2024-11-08 00:00:00,92948.88
2025-11-19,92946.16,92946.16,88526.83,91465.99,80350354656,95249.18,101583.72,109309.43,110409.11,空头排列,-17.16,29.4,4108.39,72764526262.0,1.1,2025-05-04 00:00:00,2025-11-19 00:00:00,200.0,2024-11-08 00:00:00,91465.99
2025-11-20,91459.35,93025.07,86040.8,86631.9,97970645638,93370.27,100551.64,108889.78,110370.69,空头排列,-21.51,24.7,4313.81,74658540566.0,1.3,2025-05-05 00:00:00,2025-11-20 00:00:00,200.0,2024-11-08 00:00:00,86631.9
2025-11-21,86528.77,87380.8,80659.81,85090.69,129157506112,91544.42,99386.62,108442.67,110322.41,空头排列,-22.87,23.5,4485.75,79822832434.0,1.6,2025-05-06 00:00:00,2025-11-21 00:00:00,200.0,2024-11-08 00:00:00,85090.69
2025-11-22,85098.56,85503.01,83490.9,84648.36,40793099246,90325.74,98176.35,107943.13,110261.64,空头排列,-23.23,23.1,4309.06,80148276923.0,0.5,2025-05-07 00:00:00,2025-11-22 00:00:00,200.0,2024-11-08 00:00:00,84648.36
2025-11-23,84648.61,88038.47,84641.77,86805.01,58083435576,89232.72,97041.37,107441.4,110210.5,空头排列,-21.24,29.0,4243.89,79409848384.0,0.7,2025-05-08 00:00:00,2025-11-23 00:00:00,200.0,2024-11-08 00:00:00,86805.01
2025-11-24,86798.77,89206.34,85272.2,88270.56,74433896110,88494.41,96171.04,106972.57,110135.65,空头排列,-19.85,32.7,4221.77,77583183951.0,1.0,2025-05-09 00:00:00,2025-11-24 00:00:00,200.0,2024-11-08 00:00:00,88270.56
2025-11-25,88269.96,88457.34,86131.43,87341.89,64837343545,87900.41,95492.53,106403.35,110057.5,空头排列,-20.64,31.6,4086.35,76945804388.0,0.8,2025-05-10 00:00:00,2025-11-25 00:00:00,200.0,2024-11-08 00:00:00,87341.89
2025-11-26,87345.59,90581.16,86316.9,90518.37,66496301869,87596.6,94855.7,105854.94,109986.61,混合,-17.7,39.4,4099.06,77073981838.0,0.9,2025-05-11 00:00:00,2025-11-26 00:00:00,200.0,2024-11-08 00:00:00,90518.37
2025-11-27,90517.77,91897.58,90089.52,91285.38,57040622845,87574.02,94378.75,105291.64,109922.51,混合,-16.95,41.1,3935.42,75317611476.0,0.8,2025-05-12 00:00:00,2025-11-27 00:00:00,200.0,2024-11-08 00:00:00,91285.38
2025-11-28,91285.38,92969.09,90257.12,90919.27,60895830289,88109.94,93785.75,104718.8,109863.04,混合,-17.24,40.5,3848.03,75790068436.0,0.8,2025-05-13 00:00:00,2025-11-28 00:00:00,200.0,2024-11-08 00:00:00,90919.27
2025-11-29,90918.74,91187.62,90260.19,90851.76,37921773455,88830.07,93241.44,104124.95,109796.45,混合,-17.25,40.4,3639.41,74702194958.0,0.5,2025-05-14 00:00:00,2025-11-29 00:00:00,200.0,2024-11-08 00:00:00,90851.76
2025-11-30,90838.21,91965.05,90394.31,90394.31,38497902869,89548.32,92559.28,103500.26,109730.72,混合,-17.62,39.6,3491.65,73147795740.0,0.5,2025-05-15 00:00:00,2025-11-30 00:00:00,200.0,2024-11-08 00:00:00,90394.31
2025-12-01,90389.11,90398.16,83862.25,86321.57,87962894424,89487.89,91622.38,102861.54,109643.61,空头排列,-21.27,33.0,3709.1,73989436532.0,1.2,2025-05-16 00:00:00,2025-12-01 00:00:00,200.0,2024-11-08 00:00:00,86321.57
2025-12-02,86322.54,92316.63,86202.2,91350.2,78546798211,89872.84,91067.75,102279.63,109582.91,混合,-16.64,45.1,3880.91,74699417473.0,1.1,2025-05-17 00:00:00,2025-12-02 00:00:00,200.0,2024-11-08 00:00:00,91350.2
2025-12-03,91345.09,94060.77,91056.39,93527.8,77650204986,90646.08,90680.35,101767.31,109534.59,混合,-14.61,49.3,3818.3,73504586951.0,1.1,2025-05-18 00:00:00,2025-12-03 00:00:00,200.0,2024-11-08 00:00:00,93527.8
2025-12-04,93454.26,94038.24,90976.1,92141.62,64538402681,90848.99,90320.55,101384.17,109463.07,混合,-15.82,46.9,3764.29,71014184991.0,0.9,2025-05-19 00:00:00,2025-12-04 00:00:00,200.0,2024-11-08 00:00:00,92141.62
2025-12-05,92133.65,92702.64,88152.14,89387.76,63256398633,90611.79,90081.97,100994.71,109381.98,混合,-18.28,42.3,3820.44,72251969090.0,0.9,2025-05-20 00:00:00,2025-12-05 00:00:00,200.0,2024-11-08 00:00:00,89387.76
2025-12-06,89389.36,90267.46,88951.66,89272.38,37994042405,90405.93,89783.08,100523.85,109294.39,混合,-18.32,42.1,3641.54,70597359417.0,0.5,2025-05-21 00:00:00,2025-12-06 00:00:00,200.0,2024-11-08 00:00:00,89272.38
2025-12-07,89277.81,91740.84,87799.56,90405.64,47394898960,90350.16,89603.49,100071.75,109198.02,混合,-17.21,44.7,3662.95,68257796079.0,0.7,2025-05-22 00:00:00,2025-12-07 00:00:00,200.0,2024-11-08 00:00:00,90405.64
2025-12-08,90424.59,92267.12,89644.89,90640.2,57394099056,90380.9,89534.26,99663.05,109092.86,混合,-16.91,45.2,3588.61,66060822578.0,0.9,2025-05-23 00:00:00,2025-12-08 00:00:00,200.0,2024-11-08 00:00:00,90640.2
2025-12-09,90639.7,94601.57,89586.98,92691.71,66861721440,91177.17,89522.02,99334.12,109019.88,混合,-14.98,49.8,3690.47,65386390918.0,1.0,2025-05-24 00:00:00,2025-12-09 00:00:00,200.0,2024-11-08 00:00:00,92691.71
2025-12-10,92695.23,94477.16,91640.13,92020.95,65420694513,91261.01,89548.44,99040.21,108941.03,混合,-15.53,48.4,3629.51,63758893361.0,1.0,2025-05-25 00:00:00,2025-12-10 00:00:00,200.0,2024-11-08 00:00:00,92020.95
2025-12-11,92011.3,93554.27,89335.3,92511.34,64532834621,91133.95,89828.42,98786.45,108858.41,混合,-15.02,49.5,3671.61,60527659787.0,1.1,2025-05-26 00:00:00,2025-12-11 00:00:00,200.0,2024-11-08 00:00:00,92511.34
2025-12-12,92513.66,92747.93,89532.6,90270.41,80275884583,90900.05,90075.07,98478.67,108762.56,混合,-17.0,44.7,3639.02,62501799054.0,1.3,2025-05-27 00:00:00,2025-12-12 00:00:00,200.0,2024-11-08 00:00:00,90270.41
2025-12-13,90257.8,90647.57,89800.99,90298.71,64237748110,91013.92,90344.14,98144.71,108669.08,混合,-16.9,44.7,3439.56,62809514680.0,1.0,2025-05-28 00:00:00,2025-12-13 00:00:00,200.0,2024-11-08 00:00:00,90298.71
2025-12-14,90296.44,90498.11,87634.94,88175.18,50465972205,90876.77,90409.38,97737.19,108570.94,混合,-18.79,40.4,3398.39,61611118485.0,0.8,2025-05-29 00:00:00,2025-12-14 00:00:00,200.0,2024-11-08 00:00:00,88175.18
2025-12-15,88171.08,89983.92,85304.08,86419.78,45559514323,90378.54,90321.25,97336.15,108474.83,混合,-20.33,37.2,3489.92,60647227024.0,0.8,2025-05-30 00:00:00,2025-12-15 00:00:00,200.0,2024-11-08 00:00:00,86419.78
2025-12-16,86424.41,88170.09,85381.69,87843.98,41262178223,90029.01,90345.16,96975.34,108394.06,空头排列,-18.96,41.2,3439.81,59385520842.0,0.7,2025-05-31 00:00:00,2025-12-16 00:00:00,200.0,2024-11-08 00:00:00,87843.98
2025-12-17,87847.62,90264.57,85316.27,86143.76,44243392914,89210.51,90136.84,96540.32,108301.59,空头排列,-20.46,38.1,3547.56,58745659345.0,0.8,2025-06-01 00:00:00,2025-12-17 00:00:00,200.0,2024-11-08 00:00:00,86143.76
2025-12-18,86144.37,89412.66,84436.31,85462.51,52667115348,88390.71,89859.56,96075.38,108200.64,空头排列,-21.01,36.8,3649.62,58334223598.0,0.9,2025-06-02 00:00:00,2025-12-18 00:00:00,200.0,2024-11-08 00:00:00,85462.51
2025-12-19,85476.13,89339.12,85107.66,88103.38,46733310561,87839.71,89725.47,95647.41,108111.75,混合,-18.51,44.3,3691.18,58774800453.0,0.8,2025-06-03 00:00:00,2025-12-19 00:00:00,200.0,2024-11-08 00:00:00,88103.38
2025-12-20,88101.67,88497.2,87924.88,88344.0,14688196659,87598.91,89606.06,95172.35,108026.31,混合,-18.22,45.0,3468.4,57584315143.0,0.3,2025-06-04 00:00:00,2025-12-20 00:00:00,200.0,2024-11-08 00:00:00,88344.0
2025-12-21,88344.7,89027.95,87613.2,88621.75,19845522660,87389.29,89521.65,94708.76,107945.76,混合,-17.9,45.8,3321.71,54178446555.0,0.4,2025-06-05 00:00:00,2025-12-21 00:00:00,200.0,2024-11-08 00:00:00,88621.75
2025-12-22,88621.4,90501.93,87908.07,88490.02,38047472118,87428.65,89624.91,94263.92,107880.33,混合,-17.97,45.4,3269.73,52153480250.0,0.7,2025-06-06 00:00:00,2025-12-22 00:00:00,200.0,2024-11-08 00:00:00,88490.02
2025-12-23,88490.03,88898.38,86606.98,87414.0,43683011533,87552.92,89437.47,93852.26,107795.44,空头排列,-18.91,42.7,3199.85,50455120577.0,0.9,2025-06-07 00:00:00,2025-12-23 00:00:00,200.0,2024-11-08 00:00:00,87414.0
2025-12-24,87404.32,87956.88,86411.8,87611.96,25550297986,87523.92,89155.76,93476.01,107705.43,混合,-18.66,43.4,3081.65,48505715343.0,0.5,2025-06-08 00:00:00,2025-12-24 00:00:00,200.0,2024-11-08 00:00:00,87611.96
2025-12-25,87608.32,88501.79,86949.26,87234.74,19953216347,87660.29,88922.1,93070.17,107612.63,空头排列,-18.94,42.4,2972.43,46340556228.0,0.4,2025-06-09 00:00:00,2025-12-25 00:00:00,200.0,2024-11-08 00:00:00,87234.74
2025-12-26,87235.51,89459.43,86628.14,87301.43,42455674908,87890.16,88822.75,92656.3,107497.67,空头排列,-18.79,42.6,2962.34,46563637853.0,0.9,2025-06-10 00:00:00,2025-12-26 00:00:00,200.0,2024-11-08 00:00:00,87301.43
2025-12-27,87301.43,87874.78,87182.98,87802.16,13741199310,87852.51,88752.74,92241.08,107385.39,空头排列,-18.24,44.6,2800.16,44880952871.0,0.3,2025-06-11 00:00:00,2025-12-27 00:00:00,200.0,2024-11-08 00:00:00,87802.16
2025-12-28,87799.34,87986.89,87394.95,87835.84,15156557929,87788.99,88630.37,91900.87,107281.14,混合,-18.13,44.8,2642.43,42769075815.0,0.4,2025-06-12 00:00:00,2025-12-28 00:00:00,200.0,2024-11-08 00:00:00,87835.84
2025-12-29,87835.79,90299.16,86717.91,87138.14,48411625849,87603.54,88463.61,91638.09,107187.18,空头排列,-18.7,42.4,2709.49,41846571035.0,1.2,2025-06-13 00:00:00,2025-12-29 00:00:00,200.0,2024-11-08 00:00:00,87138.14
2025-12-30,87134.35,89297.94,86735.55,88430.13,35586356225,87596.05,88260.67,91356.97,107098.88,混合,-17.43,47.9,2698.98,40354854121.0,0.9,2025-06-14 00:00:00,2025-12-30 00:00:00,200.0,2024-11-08 00:00:00,88430.13
2025-12-31,88429.59,89080.29,87130.56,87508.83,33830210616,87607.9,88045.81,91106.2,107009.06,空头排列,-18.22,44.6,2645.46,38819722920.0,0.9,2025-06-15 00:00:00,2025-12-31 00:00:00,200.0,2024-11-08 00:00:00,87508.83
2026-01-01,87508.05,88803.23,87399.41,88731.98,18849043990,87747.91,87865.84,90840.01,106924.96,混合,-17.01,49.5,2556.78,35748380891.0,0.5,2025-06-16 00:00:00,2026-01-01 00:00:00,200.0,2024-11-08 00:00:00,88731.98
2026-01-02,88733.06,90884.46,88298.62,89944.7,46398906171,88086.65,87850.33,90615.69,106840.7,混合,-15.81,53.9,2558.85,34856438794.0,1.3,2025-06-17 00:00:00,2026-01-02 00:00:00,200.0,2024-11-08 00:00:00,89944.7
2026-01-03,89945.05,90679.57,89328.07,90603.19,20774828592,88499.37,87864.83,90359.03,106770.71,混合,-15.14,56.1,2472.61,33371881613.0,0.6,2025-06-18 00:00:00,2026-01-03 00:00:00,200.0,2024-11-08 00:00:00,90603.19
2026-01-04,90603.0,91712.59,90595.1,91413.49,26770491368,88950.79,88019.04,90093.88,106703.36,混合,-14.33,58.7,2375.82,32432430465.0,0.8,2025-06-19 00:00:00,2026-01-04 00:00:00,200.0,2024-11-08 00:00:00,91413.49
2026-01-05,91414.62,94762.07,91414.62,93882.55,53376407252,89706.63,88374.41,89928.16,106649.35,混合,-11.97,65.5,2445.3,33038141917.0,1.6,2025-06-20 00:00:00,2026-01-05 00:00:00,200.0,2024-11-08 00:00:00,93882.55
2026-01-06,93876.95,94395.3,91286.55,93729.03,52430605257,90530.49,88654.65,89783.9,106601.45,混合,-12.08,64.8,2492.69,33447502534.0,1.6,2025-06-21 00:00:00,2026-01-06 00:00:00,200.0,2024-11-08 00:00:00,93729.03
2026-01-07,93727.47,93738.79,90601.8,91308.05,43461295053,90890.23,88900.57,89631.37,106546.7,混合,-14.3,54.7,2538.71,32987211519.0,1.3,2025-06-22 00:00:00,2026-01-07 00:00:00,200.0,2024-11-08 00:00:00,91308.05
2026-01-08,91309.64,91485.85,89233.88,91027.12,42386697030,91330.02,89165.55,89570.08,106496.9,混合,-14.53,53.6,2518.23,32769880843.0,1.3,2025-06-23 00:00:00,2026-01-08 00:00:00,200.0,2024-11-08 00:00:00,91027.12
2026-01-09,91026.27,91910.67,89625.38,90513.1,38305906684,91552.66,89280.3,89478.52,106421.58,混合,-14.95,51.7,2501.59,33950766344.0,1.1,2025-06-24 00:00:00,2026-01-09 00:00:00,200.0,2024-11-08 00:00:00,90513.1
2026-01-10,90510.1,90713.03,90283.4,90386.65,12385895282,91607.9,89377.57,89409.6,106343.29,混合,-15.0,51.2,2353.59,33577784975.0,0.4,2025-06-25 00:00:00,2026-01-10 00:00:00,200.0,2024-11-08 00:00:00,90386.65
2026-01-11,90385.36,91155.23,90212.02,90827.46,17165568977,91635.93,89482.6,89386.57,106260.62,部分多头,-14.52,52.9,2252.85,32533689818.0,0.5,2025-06-26 00:00:00,2026-01-11 00:00:00,200.0,2024-11-08 00:00:00,90827.46
2026-01-12,90825.86,92395.52,90055.02,91192.99,41346275358,91608.37,89611.31,89354.65,106181.78,部分多头,-14.12,54.3,2259.11,32416853009.0,1.3,2025-06-27 00:00:00,2026-01-12 00:00:00,200.0,2024-11-08 00:00:00,91192.99
2026-01-13,91185.34,96011.62,90941.93,95321.78,54980674354,91788.27,89987.87,89424.75,106122.95,部分多头,-10.18,66.5,2459.87,33888371828.0,1.6,2025-06-28 00:00:00,2026-01-13 00:00:00,200.0,2024-11-08 00:00:00,95321.78
2026-01-14,95322.91,97860.6,94583.05,96929.33,60592490863,92188.31,90431.56,89611.98,106070.96,部分多头,-8.62,69.9,2518.27,35920335553.0,1.7,2025-06-29 00:00:00,2026-01-14 00:00:00,200.0,2024-11-08 00:00:00,96929.33
2026-01-15,96931.29,97150.17,95103.24,95551.19,53086363027,92718.7,90827.58,89802.17,106006.79,部分多头,-9.86,63.9,2484.61,36451869959.0,1.5,2025-06-30 00:00:00,2026-01-15 00:00:00,200.0,2024-11-08 00:00:00,95551.19
2026-01-16,95554.1,95801.89,94259.27,95525.12,33248170537,93280.95,91219.18,89999.93,105948.73,部分多头,-9.84,63.8,2417.32,37427218521.0,0.9,2025-07-01 00:00:00,2026-01-16 00:00:00,200.0,2024-11-08 00:00:00,95525.12
2026-01-17,95525.16,95598.48,95005.62,95099.92,16021715122,93854.3,91566.7,90150.75,105895.74,部分多头,-10.19,61.9,2287.0,37470476380.0,0.4,2025-07-02 00:00:00,2026-01-17 00:00:00,200.0,2024-11-08 00:00:00,95099.92
2026-01-18,95101.18,95491.51,93588.87,93634.43,20809781232,94260.28,91842.82,90248.27,105819.62,部分多头,-11.52,55.8,2259.55,36090384150.0,0.6,2025-07-03 00:00:00,2026-01-18 00:00:00,200.0,2024-11-08 00:00:00,93634.43
2026-01-19,93655.67,93660.83,92089.25,92553.59,39195241508,94476.04,92100.7,90343.03,105734.15,部分多头,-12.47,51.8,2210.41,36270828414.0,1.1,2025-07-04 00:00:00,2026-01-19 00:00:00,200.0,2024-11-08 00:00:00,92553.59
2026-01-20,92553.6,92798.43,87814.93,88310.91,53072968031,94115.78,92095.02,90302.89,105635.53,混合,-16.4,39.6,2408.49,37232966284.0,1.4,2025-07-05 00:00:00,2026-01-20 00:00:00,200.0,2024-11-08 00:00:00,88310.91
2026-01-21,88326.51,90430.41,87231.57,89376.96,56330422434,93372.68,92183.98,90268.2,105541.26,混合,-15.32,43.2,2464.94,39107035207.0,1.4,2025-07-06 00:00:00,2026-01-21 00:00:00,200.0,2024-11-08 00:00:00,89376.96
2026-01-22,89378.52,90258.96,88438.45,89462.45,35549685694,92439.32,92218.76,90241.71,105442.41,混合,-15.16,43.5,2418.91,38564574183.0,0.9,2025-07-07 00:00:00,2026-01-22 00:00:00,200.0,2024-11-08 00:00:00,89462.45
2026-01-23,89462.05,91100.25,88486.36,89503.88,38997586037,91683.41,92197.77,90217.2,105348.43,混合,-15.04,43.7,2432.84,39475712055.0,1.0,2025-07-08 00:00:00,2026-01-23 00:00:00,200.0,2024-11-08 00:00:00,89503.88
2026-01-24,89506.15,89811.61,89044.29,89110.73,14558687712,90881.61,92126.7,90193.86,105249.23,混合,-15.33,42.5,2313.87,38865121872.0,0.4,2025-07-09 00:00:00,2026-01-24 00:00:00,200.0,2024-11-08 00:00:00,89110.73
2026-01-25,89104.77,89193.15,86003.71,86572.22,36124986722,89815.65,91896.17,90198.42,105125.46,混合,-17.65,35.9,2376.41,38002550846.0,1.0,2025-07-10 00:00:00,2026-01-25 00:00:00,200.0,2024-11-08 00:00:00,86572.22
2026-01-26,86566.52,88743.07,86429.29,88267.14,45329286974,89144.74,91628.76,90142.37,104986.86,混合,-15.93,42.3,2371.94,37647484932.0,1.2,2025-07-11 00:00:00,2026-01-26 00:00:00,200.0,2024-11-08 00:00:00,88267.14
2026-01-27,88257.48,89427.12,87228.92,89102.57,38744942267,88713.36,91408.46,90061.91,104844.79,混合,-15.01,45.3,2359.53,37411667292.0,1.0,2025-07-12 00:00:00,2026-01-27 00:00:00,200.0,2024-11-08 00:00:00,89102.57
2026-01-28,89104.05,90439.29,88721.46,89184.57,39807419296,88822.57,91307.34,90008.14,104703.53,混合,-14.82,45.6,2313.69,37282703406.0,1.1,2025-07-13 00:00:00,2026-01-28 00:00:00,200.0,2024-11-08 00:00:00,89184.57
2026-01-29,89169.85,89200.78,83250.6,84561.59,64653083162,88220.64,90999.46,89920.39,104530.76,混合,-19.1,34.4,2573.44,38600062229.0,1.7,2025-07-14 00:00:00,2026-01-29 00:00:00,200.0,2024-11-08 00:00:00,84561.59
2026-01-30,84562.73,84602.16,81071.48,84128.66,72083816087,87553.92,90695.43,89826.87,104352.16,混合,-19.38,33.6,2641.82,41584958270.0,1.7,2025-07-15 00:00:00,2026-01-30 00:00:00,200.0,2024-11-08 00:00:00,84128.66
2026-01-31,84126.5,84136.92,75815.88,78621.12,70479259159,86193.57,90135.17,89612.61,104156.38,混合,-24.52,25.2,3047.48,44250642779.0,1.6,2025-07-16 00:00:00,2026-01-31 00:00:00,200.0,2024-11-08 00:00:00,78621.12
2026-02-01,78626.12,79322.61,75698.9,76974.45,53372509744,84676.54,89475.5,89364.14,103947.56,混合,-25.95,23.4,3088.63,44851954498.0,1.2,2025-07-17 00:00:00,2026-02-01 00:00:00,200.0,2024-11-08 00:00:00,76974.45
2026-02-02,76968.88,79258.61,74551.34,78688.77,75140589684,83691.11,88880.06,89109.54,103744.55,空头排列,-24.15,29.2,3204.25,45859950265.0,1.6,2025-07-18 00:00:00,2026-02-02 00:00:00,200.0,2024-11-08 00:00:00,78688.77
2026-02-03,78693.51,79118.85,72897.14,75633.55,68249110822,82111.91,87942.53,88811.59,103532.7,空头排列,-26.95,25.5,3419.78,46242781263.0,1.5,2025-07-19 00:00:00,2026-02-03 00:00:00,200.0,2024-11-08 00:00:00,75633.55
2026-02-04,75640.09,76864.66,71779.93,73019.7,67215363944,80101.55,86803.98,88457.19,103308.1,空头排列,-29.32,22.8,3538.71,46949231308.0,1.4,2025-07-20 00:00:00,2026-02-04 00:00:00,200.0,2024-11-08 00:00:00,73019.7
2026-02-05,73016.38,73161.55,62353.54,62702.1,125509410908,76791.24,85239.73,87955.95,103035.11,空头排列,-39.14,15.7,4057.95,51562293327.0,2.4,2025-07-21 00:00:00,2026-02-05 00:00:00,200.0,2024-11-08 00:00:00,62702.1
2026-02-06,62704.45,71681.3,60074.2,70555.39,114674259489,75040.47,84050.7,87596.98,102800.69,空头排列,-31.37,32.8,4597.17,56494920545.0,2.0,2025-07-22 00:00:00,2026-02-06 00:00:00,200.0,2024-11-08 00:00:00,70555.39
2026-02-07,70553.8,71611.15,67364.45,69281.97,62347107663,73184.63,82821.27,87253.47,102547.12,空头排列,-32.44,31.7,4572.14,58571786867.0,1.1,2025-07-23 00:00:00,2026-02-07 00:00:00,200.0,2024-11-08 00:00:00,69281.97
2026-02-08,69283.73,72206.91,68852.9,70264.73,39721722619,72140.08,81708.43,86959.74,102304.67,空头排列,-31.32,33.6,4485.13,58598110922.0,0.7,2025-07-24 00:00:00,2026-02-08 00:00:00,200.0,2024-11-08 00:00:00,70264.73
2026-02-09,70243.33,71369.97,68291.03,70120.78,52081598792,71283.37,80640.2,86637.5,102063.43,空头排列,-31.3,33.4,4384.69,58548542460.0,0.9,2025-07-25 00:00:00,2026-02-09 00:00:00,200.0,2024-11-08 00:00:00,70120.78
2026-02-10,70137.39,70464.27,67913.09,68793.96,40593063077,70046.52,79710.82,86322.05,101819.22,空头排列,-32.44,32.0,4253.72,57761674493.0,0.7,2025-07-26 00:00:00,2026-02-10 00:00:00,200.0,2024-11-08 00:00:00,68793.96
2026-02-11,68791.86,69242.68,65757.3,66991.97,49671946030,68966.32,78644.87,85986.22,101564.45,空头排列,-34.04,30.2,4198.84,58467787509.0,0.8,2025-07-27 00:00:00,2026-02-11 00:00:00,200.0,2024-11-08 00:00:00,66991.97
2026-02-12,66992.2,68339.49,65092.11,66221.84,44651071271,68116.59,77538.17,85588.38,101298.31,空头排列,-34.63,29.4,4130.88,58750461771.0,0.8,2025-07-28 00:00:00,2026-02-12 00:00:00,200.0,2024-11-08 00:00:00,66221.84
2026-02-13,66213.38,69382.84,65835.78,68857.84,40820775886,68886.06,76555.03,85234.08,101052.98,空头排列,-31.86,35.5,4089.18,60063566180.0,0.7,2025-07-29 00:00:00,2026-02-13 00:00:00,200.0,2024-11-08 00:00:00,68857.84
2026-02-14,68856.98,70481.16,68706.62,69767.62,36012397645,68787.59,75633.93,84891.28,100812.21,混合,-30.79,37.5,3923.85,60057936726.0,0.6,2025-07-30 00:00:00,2026-02-14 00:00:00,200.0,2024-11-08 00:00:00,69767.62
2026-02-15,69764.95,70939.29,68052.55,68788.19,40191152750,68725.87,74787.07,84533.06,100566.99,混合,-31.6,36.2,3849.77,59801030015.0,0.7,2025-07-31 00:00:00,2026-02-15 00:00:00,200.0,2024-11-08 00:00:00,68788.19
2026-02-16,68782.4,70067.23,67301.59,68843.16,33618145426,68548.17,73862.12,84195.41,100332.42,混合,-31.38,36.3,3772.33,59544690173.0,0.6,2025-08-01 00:00:00,2026-02-16 00:00:00,200.0,2024-11-08 00:00:00,68843.16
2026-02-17,68843.09,69201.87,66615.28,67494.22,34866936040,68219.85,72833.15,83829.64,100103.29,空头排列,-32.58,34.4,3687.63,59297666010.0,0.6,2025-08-02 00:00:00,2026-02-17 00:00:00,200.0,2024-11-08 00:00:00,67494.22
2026-02-18,67488.02,68434.43,65845.9,66425.32,33094301643,67923.77,71749.38,83451.28,99872.78,空头排列,-33.49,33.0,3609.13,57719726934.0,0.6,2025-08-03 00:00:00,2026-02-18 00:00:00,200.0,2024-11-08 00:00:00,66425.32
2026-02-19,66425.62,67277.12,65637.43,66957.52,31492987019,67919.46,70911.09,83081.39,99636.48,空头排列,-32.8,34.5,3468.45,55690185481.0,0.6,2025-08-04 00:00:00,2026-02-19 00:00:00,200.0,2024-11-08 00:00:00,66957.52
2026-02-20,66958.58,68269.03,66452.48,68005.42,47507867304,68142.41,70143.31,82721.45,99401.15,空头排列,-31.58,37.4,3350.46,54541615888.0,0.9,2025-08-05 00:00:00,2026-02-20 00:00:00,200.0,2024-11-08 00:00:00,68005.42
2026-02-21,68000.25,68657.7,67533.07,68003.77,18357635642,68035.65,69637.73,82360.87,99170.46,空头排列,-31.43,37.4,3191.47,52790872183.0,0.3,2025-08-06 00:00:00,2026-02-21 00:00:00,200.0,2024-11-08 00:00:00,68003.77
2026-02-22,67998.83,68235.23,67185.6,67659.39,17893536012,67772.12,69194.15,82006.71,98933.61,空头排列,-31.61,36.8,3038.48,49928519499.0,0.4,2025-08-07 00:00:00,2026-02-22 00:00:00,200.0,2024-11-08 00:00:00,67659.39
2026-02-23,67668.43,67668.43,63924.44,64616.74,50953457309,67250.69,68524.06,81573.74,98669.21,空头排列,-34.51,31.7,3088.88,49063736823.0,1.0,2025-08-08 00:00:00,2026-02-23 00:00:00,200.0,2024-11-08 00:00:00,64616.74
2026-02-24,64616.02,64992.16,62553.19,64080.04,40849331086,66655.3,67973.89,81147.76,98406.17,空头排列,-34.88,30.9,3042.45,47745435181.0,0.9,2025-08-09 00:00:00,2026-02-24 00:00:00,200.0,2024-11-08 00:00:00,64080.04
2026-02-25,64077.77,69953.53,63942.48,67960.12,53629234355,66713.54,67732.96,80770.09,98163.47,混合,-30.77,42.4,3254.5,44151426353.0,1.2,2025-08-10 00:00:00,2026-02-25 00:00:00,200.0,2024-11-08 00:00:00,67960.12
2026-02-26,67954.87,68843.35,66523.73,67453.77,42988597523,66842.1,67959.23,80361.17,97904.2,混合,-31.1,41.4,3187.72,40567143255.0,1.1,2025-08-11 00:00:00,2026-02-26 00:00:00,200.0,2024-11-08 00:00:00,67453.77
2026-02-27,67456.52,68220.41,64946.04,65881.8,40283655942,66707.63,67736.68,79911.69,97639.96,空头排列,-32.53,38.5,3193.91,39463970669.0,1.0,2025-08-12 00:00:00,2026-02-27 00:00:00,200.0,2024-11-08 00:00:00,65881.8
2026-02-28,65878.93,67714.52,63062.22,66995.86,42041497112,66581.44,67627.81,79467.73,97374.07,混合,-31.2,41.7,3298.08,39579959393.0,1.1,2025-08-13 00:00:00,2026-02-28 00:00:00,200.0,2024-11-08 00:00:00,66995.86
2026-03-01,67005.88,68162.82,65076.73,65738.1,40733141929,66298.23,67412.26,78956.01,97086.04,空头排列,-32.29,39.2,3282.94,39012536550.0,1.0,2025-08-14 00:00:00,2026-03-01 00:00:00,200.0,2024-11-08 00:00:00,65738.1
2026-03-02,65734.08,70044.0,65303.14,68775.85,56698092052,66437.79,67348.22,78502.32,96838.12,混合,-28.98,47.3,3387.08,39817787999.0,1.4,2025-08-15 00:00:00,2026-03-02 00:00:00,200.0,2024-11-08 00:00:00,68775.85
2026-03-03,68785.08,69232.89,66237.62,68293.65,47947999049,66897.4,67324.39,78083.87,96592.6,混合,-29.3,46.2,3359.09,39731590650.0,1.2,2025-08-16 00:00:00,2026-03-03 00:00:00,200.0,2024-11-08 00:00:00,68293.65
2026-03-04,68290.56,74051.8,67437.41,72710.58,75073101274,67976.22,67596.71,77750.85,96368.7,混合,-24.55,55.9,3591.61,41252692150.0,1.8,2025-08-17 00:00:00,2026-03-04 00:00:00,200.0,2024-11-08 00:00:00,72710.58
2026-03-05,72712.66,73555.79,70654.88,70841.12,51172841727,68336.34,67816.67,77393.17,96135.64,混合,-26.31,51.7,3542.28,41770295442.0,1.2,2025-08-18 00:00:00,2026-03-05 00:00:00,200.0,2024-11-08 00:00:00,70841.12
2026-03-06,70842.16,71378.57,67757.82,68136.49,43776962871,68421.68,67782.32,76988.63,95895.06,混合,-28.95,46.2,3547.88,42158523703.0,1.0,2025-08-19 00:00:00,2026-03-06 00:00:00,200.0,2024-11-08 00:00:00,68136.49
2026-03-07,68136.69,68515.16,66969.26,67272.59,23258701211,68595.53,67663.51,76560.35,95667.26,混合,-29.68,44.6,3404.88,41311901126.0,0.6,2025-08-20 00:00:00,2026-03-07 00:00:00,200.0,2024-11-08 00:00:00,67272.59
2026-03-08,67272.5,68177.79,65639.2,65969.78,33195080116,68467.27,67529.3,76101.75,95425.74,混合,-30.87,42.2,3343.0,41290747861.0,0.8,2025-08-21 00:00:00,2026-03-08 00:00:00,200.0,2024-11-08 00:00:00,65969.78
2026-03-09,65969.59,69474.95,65858.01,68402.38,49499875378,68800.31,67508.31,75612.31,95205.66,混合,-28.15,47.8,3362.57,42022394828.0,1.2,2025-08-22 00:00:00,2026-03-09 00:00:00,200.0,2024-11-08 00:00:00,68402.38
2026-03-10,68402.72,71770.9,68402.72,69926.92,54003996096,68944.19,67624.15,75121.35,94970.92,混合,-26.37,51.1,3363.0,43067879550.0,1.3,2025-08-23 00:00:00,2026-03-10 00:00:00,200.0,2024-11-08 00:00:00,69926.92
2026-03-11,69931.25,71337.66,68998.87,70204.88,45236859848,69183.09,67804.13,74660.51,94745.07,混合,-25.9,51.7,3289.84,43755073192.0,1.0,2025-08-24 00:00:00,2026-03-11 00:00:00,200.0,2024-11-08 00:00:00,70204.88
2026-03-12,70209.77,70775.83,69230.16,70493.46,40871848129,68905.96,67972.51,74205.39,94530.25,混合,-25.43,52.3,3165.26,43423272233.0,0.9,2025-08-25 00:00:00,2026-03-12 00:00:00,200.0,2024-11-08 00:00:00,70493.46
2026-03-13,70497.05,73927.33,70410.73,70968.27,61167226505,68921.85,68113.6,73766.63,94334.47,混合,-24.77,53.4,3190.35,45563751776.0,1.3,2025-08-26 00:00:00,2026-03-13 00:00:00,200.0,2024-11-08 00:00:00,70968.27
2026-03-14,70965.38,71291.2,70339.59,71214.62,22283546496,69306.61,68266.5,73359.0,94131.53,混合,-24.35,54.0,3030.44,45783252300.0,0.5,2025-08-27 00:00:00,2026-03-14 00:00:00,200.0,2024-11-08 00:00:00,71214.62
2026-03-15,71213.68,73173.01,70882.42,72789.91,27991268669,69996.28,68510.81,72999.66,93939.37,混合,-22.51,57.7,2977.6,44635142868.0,0.6,2025-08-28 00:00:00,2026-03-15 00:00:00,200.0,2024-11-08 00:00:00,72789.91
2026-03-16,72798.17,74901.86,72300.63,74861.09,55572438409,71107.69,68998.63,72755.12,93750.95,混合,-20.15,62.0,2950.71,45371298235.0,1.2,2025-08-29 00:00:00,2026-03-16 00:00:00,200.0,2024-11-08 00:00:00,74861.09
2026-03-17,74855.3,75988.4,73444.23,73922.48,49500721728,71797.7,69467.32,72474.13,93578.51,混合,-21.0,59.0,2921.67,45164872603.0,1.1,2025-08-30 00:00:00,2026-03-17 00:00:00,200.0,2024-11-08 00:00:00,73922.48
2026-03-18,73936.85,74658.98,70503.86,71245.58,46229011155,71962.54,69623.77,72142.91,93390.69,混合,-23.71,51.5,3009.78,45326893285.0,1.0,2025-08-31 00:00:00,2026-03-18 00:00:00,200.0,2024-11-08 00:00:00,71245.58
2026-03-19,71250.35,71598.84,68805.52,69912.79,44631433398,71926.02,69740.87,71786.71,93199.07,混合,-24.99,48.3,2994.32,45544282158.0,1.0,2025-09-01 00:00:00,2026-03-19 00:00:00,200.0,2024-11-08 00:00:00,69912.79
2026-03-20,69911.53,71346.8,69398.88,70522.59,38299078407,71929.67,69961.86,71448.75,93005.43,混合,-24.17,49.8,2919.57,45357161222.0,0.8,2025-09-02 00:00:00,2026-03-20 00:00:00,200.0,2024-11-08 00:00:00,70522.59
2026-03-21,70522.47,71051.27,68602.91,68711.52,21109354718,71647.57,70043.56,71124.01,92792.99,混合,-25.95,45.4,2885.91,44375971862.0,0.5,2025-09-03 00:00:00,2026-03-21 00:00:00,200.0,2024-11-08 00:00:00,68711.52
2026-03-22,68903.22,69448.2,68213.74,68458.97,27919826944,71303.12,70173.12,70763.86,92576.67,混合,-26.05,44.8,2767.95,42937058606.0,0.7,2025-09-04 00:00:00,2026-03-22 00:00:00,200.0,2024-11-08 00:00:00,68458.97
