date,open,high,low,close,volume,sma8,sma21,sma55,sma200,ema8,ema21,ema55,ema200,ema_state,close_vs_ema200_pct,close_vs_sma200_pct,rsi14,atr14,vol20_avg,vol_ratio20,sma200_start_date,sma200_end_date,sma200_window_count,rsi_start_date,close_check
2024-12-10,71.99,75.56,70.73,70.89,89672500,,,,,70.89,70.89,70.89,70.89,混合,0.0,,,,,,,,,,70.89
2024-12-11,72.98,73.0,68.07,72.51,89477700,,,,,71.25,71.04,70.95,70.91,完整多头,2.26,,,,,,,,,,72.51
2024-12-12,72.3,75.38,71.9,73.2,73859700,,,,,71.68,71.23,71.03,70.93,完整多头,3.2,,,,,,,,,,73.2
2024-12-13,73.49,76.1,72.45,76.07,76172800,,,,,72.66,71.67,71.21,70.98,完整多头,7.17,,,,,,,,,,76.07
2024-12-16,75.06,77.82,71.16,75.75,126099600,,,,,73.35,72.04,71.37,71.03,完整多头,6.65,,,,,,,,,,75.75
2024-12-17,73.28,75.32,71.7,74.39,75469400,,,,,73.58,72.26,71.48,71.06,完整多头,4.68,,,,,,,,,,74.39
2024-12-18,74.3,77.6,70.27,71.51,109643400,,,,,73.12,72.19,71.48,71.07,混合,0.63,,,,,,,,,,71.51
2024-12-19,73.99,76.59,73.37,74.21,99524300,73.57,,,,73.36,72.37,71.58,71.1,完整多头,4.38,,,,,,,,,,74.21
2024-12-20,72.64,80.66,71.5,80.55,281230800,74.77,,,,74.96,73.12,71.9,71.19,完整多头,13.15,,,,,,,,,,80.55
2024-12-23,80.65,82.02,77.41,80.69,93819500,75.8,,,,76.23,73.8,72.21,71.29,完整多头,13.19,,,,,,,,,,80.69
2024-12-24,81.09,84.8,81.0,82.38,64983300,76.94,,,,77.6,74.58,72.57,71.4,完整多头,15.39,,,,,,,,,,82.38
2024-12-26,83.16,83.49,81.3,82.14,60377100,77.7,,,,78.61,75.27,72.92,71.5,完整多头,14.88,,,,,,,,,,82.14
2024-12-27,81.42,82.0,77.93,79.08,66975900,78.12,,,,78.71,75.62,73.14,71.58,完整多头,10.48,,,,,,,,,,79.08
2024-12-30,77.04,79.24,76.11,77.18,60850900,78.47,,,,78.37,75.76,73.28,71.63,混合,7.74,,,,,,,,,,77.18
2024-12-31,77.58,77.98,73.65,75.63,56267900,78.98,,,,77.76,75.75,73.36,71.67,混合,5.52,,58.7,4.78,,,,,,2024-12-11 00:00:00,75.63
2025-01-02,76.2,76.53,72.42,75.19,72217200,79.11,,,,77.19,75.7,73.43,71.71,混合,4.86,,57.7,4.73,,,,,,2024-12-11 00:00:00,75.19
2025-01-03,75.39,79.98,75.19,79.89,62415000,79.02,,,,77.79,76.08,73.66,71.79,完整多头,11.28,,64.6,4.74,,,,,,2024-12-11 00:00:00,79.89
2025-01-06,78.69,80.06,74.61,75.92,105619500,78.43,,,,77.38,76.06,73.74,71.83,混合,5.69,,56.2,4.79,,,,,,2024-12-11 00:00:00,75.92
2025-01-07,75.2,75.39,69.75,69.99,91727300,76.88,,,,75.73,75.51,73.61,71.81,混合,-2.54,,46.5,4.89,,,,,,2024-12-11 00:00:00,69.99
2025-01-08,68.12,69.53,66.51,68.23,91349500,75.14,,,,74.07,74.85,73.42,71.78,混合,-4.94,,44.1,4.79,92387665.0,1.0,,,,2024-12-11 00:00:00,68.23
2025-01-10,66.01,68.2,65.04,67.26,78148600,73.66,75.36,,,72.55,74.16,73.2,71.73,混合,-6.23,,42.8,4.67,91811470.0,0.9,,,,2024-12-11 00:00:00,67.26
2025-01-13,64.29,65.68,63.4,64.98,69046300,72.14,75.08,,,70.87,73.33,72.9,71.66,混合,-9.33,,39.7,4.61,90789900.0,0.8,,,,2024-12-11 00:00:00,64.98
2025-01-14,67.18,68.23,65.19,65.91,56814900,70.92,74.77,,,69.77,72.65,72.65,71.61,混合,-7.96,,41.6,4.52,89937660.0,0.6,,,,2024-12-11 00:00:00,65.91
2025-01-15,68.55,68.85,67.08,68.14,56025800,70.04,74.53,,,69.41,72.24,72.49,71.57,混合,-4.8,,45.8,4.4,88930310.0,0.6,,,,2024-12-11 00:00:00,68.14
2025-01-16,69.08,71.43,68.36,69.24,62908700,68.71,74.2,,,69.37,71.97,72.38,71.55,混合,-3.23,,47.8,4.32,85770765.0,0.7,,,,2024-12-11 00:00:00,69.24
2025-01-17,70.9,72.34,69.95,71.77,54754000,68.19,74.01,,,69.9,71.95,72.35,71.55,混合,0.3,,52.2,4.24,84734995.0,0.6,,,,2024-12-11 00:00:00,71.77
2025-01-21,73.24,73.64,70.6,73.07,56229000,68.58,73.95,,,70.61,72.05,72.38,71.57,混合,2.1,,54.3,4.15,82064275.0,0.7,,,,2024-12-11 00:00:00,73.07
2025-01-22,74.5,77.16,73.8,76.87,66876400,69.66,74.21,,,72.0,72.49,72.54,71.62,混合,7.33,,59.9,4.15,80431880.0,0.8,,,,2024-12-11 00:00:00,76.87
2025-01-23,76.04,79.0,75.84,78.98,55937900,71.12,74.43,,,73.55,73.08,72.77,71.69,完整多头,10.16,,62.6,4.08,69167235.0,0.8,,,,2024-12-11 00:00:00,78.98
2025-01-24,79.05,82.24,78.44,78.98,77931900,72.87,74.36,,,74.76,73.62,72.99,71.77,完整多头,10.05,,62.6,4.06,68372855.0,1.1,,,,2024-12-11 00:00:00,78.98
2025-01-27,74.07,76.72,72.67,75.44,76093300,74.06,74.11,,,74.91,73.78,73.08,71.8,完整多头,5.07,,55.3,4.22,68928355.0,1.1,,,,2024-12-11 00:00:00,75.44
2025-01-28,75.54,80.74,74.04,80.23,65916700,75.57,74.01,,,76.09,74.37,73.33,71.89,完整多头,11.61,,61.8,4.39,69205335.0,1.0,,,,2024-12-11 00:00:00,80.23
2025-01-29,79.95,80.82,77.81,79.76,49262200,76.89,73.89,,,76.91,74.86,73.56,71.96,完整多头,10.83,,60.9,4.3,68319650.0,0.7,,,,2024-12-11 00:00:00,79.76
2025-01-30,80.02,81.83,79.38,81.22,46067500,78.07,73.99,,,77.86,75.44,73.84,72.06,完整多头,12.72,,62.8,4.16,67580480.0,0.7,,,,2024-12-11 00:00:00,81.22
2025-01-31,81.0,85.22,80.87,82.49,78731000,79.25,74.25,,,78.89,76.08,74.15,72.16,完整多头,14.31,,64.4,4.18,68703635.0,1.1,,,,2024-12-11 00:00:00,82.49
2025-02-03,80.12,84.25,78.47,83.74,126592700,80.11,74.63,,,79.97,76.77,74.49,72.28,完整多头,15.86,,65.9,4.29,71422410.0,1.8,,,,2024-12-11 00:00:00,83.74
2025-02-04,102.8,106.91,100.51,103.83,230806800,83.21,76.0,,,85.27,79.23,75.54,72.59,完整多头,43.04,,80.6,5.64,79842000.0,2.9,,,,2024-12-11 00:00:00,103.83
2025-02-05,101.78,103.57,99.32,101.36,90628300,86.01,77.02,,,88.85,81.25,76.46,72.88,完整多头,39.09,,76.3,5.56,79092440.0,1.1,,,,2024-12-11 00:00:00,101.36
2025-02-06,101.09,111.54,100.26,111.28,128217500,90.49,78.7,,,93.83,83.98,77.7,73.26,完整多头,51.9,,80.8,5.97,80916950.0,1.6,,,,2024-12-11 00:00:00,111.28
2025-02-07,111.66,116.3,110.45,110.85,143795400,94.32,80.65,,,97.61,86.42,78.89,73.63,完整多头,50.55,,80.1,5.96,83539245.0,1.7,,,,2024-12-11 00:00:00,110.85
2025-02-10,112.03,116.76,108.72,116.65,99938100,98.93,82.95,,,101.84,89.17,80.24,74.06,完整多头,57.51,,82.3,6.11,84628720.0,1.2,,,,2024-12-11 00:00:00,116.65
2025-02-11,116.5,118.66,112.1,112.62,94311700,102.85,85.11,,,104.24,91.3,81.39,74.44,完整多头,51.28,,75.9,6.14,85891990.0,1.1,,,,2024-12-11 00:00:00,112.62
2025-02-12,110.29,117.59,110.0,117.39,75316900,107.22,87.61,,,107.16,93.67,82.68,74.87,完整多头,56.79,,78.1,6.24,86817090.0,0.9,,,,2024-12-11 00:00:00,117.39
2025-02-13,117.31,118.39,115.15,117.91,60027000,111.49,90.09,,,109.55,95.87,83.94,75.3,完整多头,56.59,,78.3,6.03,87017150.0,0.7,,,,2024-12-11 00:00:00,117.91
2025-02-14,117.9,120.67,116.8,119.16,65528900,113.4,92.52,,,111.69,97.99,85.19,75.74,完整多头,57.34,,78.9,5.88,87148160.0,0.8,,,,2024-12-11 00:00:00,119.16
2025-02-18,120.94,125.0,118.43,124.62,84227200,116.31,95.15,,,114.56,100.41,86.6,76.22,完整多头,63.5,,81.2,5.93,88621820.0,1.0,,,,2024-12-11 00:00:00,124.62
2025-02-19,123.86,125.41,108.56,112.06,147487300,116.41,97.07,,,114.0,101.47,87.51,76.58,混合,46.33,,63.7,6.71,93184735.0,1.6,,,,2024-12-11 00:00:00,112.06
2025-02-20,102.91,107.4,95.8,106.27,243093900,115.84,98.65,,,112.29,101.91,88.18,76.87,混合,38.24,,57.6,7.39,101995610.0,2.4,,,,2024-12-11 00:00:00,106.27
2025-02-21,107.68,109.07,100.0,101.35,129063200,113.92,99.82,,,109.86,101.86,88.65,77.12,混合,31.42,,52.9,7.51,105651875.0,1.2,,,,2024-12-11 00:00:00,101.35
2025-02-24,95.88,99.01,89.3,90.68,184485000,111.18,100.38,,,105.59,100.84,88.72,77.25,混合,17.38,,44.5,7.83,110979530.0,1.7,,,,2024-12-11 00:00:00,90.68
2025-02-25,90.65,91.7,85.25,87.84,132626300,107.49,100.8,,,101.65,99.66,88.69,77.36,混合,13.55,,42.5,7.73,113806180.0,1.2,,,,2024-12-11 00:00:00,87.84
2025-02-26,89.16,91.69,87.59,89.31,94428700,103.91,101.46,,,98.91,98.72,88.71,77.48,混合,15.27,,43.9,7.47,115231780.0,0.8,,,,2024-12-11 00:00:00,89.31
2025-02-27,91.91,93.62,84.17,84.77,99680500,99.61,101.67,,,95.77,97.45,88.57,77.55,混合,9.31,,40.7,7.62,117752695.0,0.8,,,,2024-12-11 00:00:00,84.77
2025-02-28,79.98,85.18,78.58,84.92,125977400,94.65,101.92,,,93.36,96.31,88.44,77.62,混合,9.4,,40.8,7.54,121748190.0,1.0,,,,2024-12-11 00:00:00,84.92
2025-03-03,88.55,90.48,82.53,83.42,114573900,91.07,102.02,85.27,,91.15,95.14,88.26,77.68,混合,7.39,,39.7,7.57,123540335.0,0.9,,,,2024-12-11 00:00:00,83.42
2025-03-04,80.16,88.5,79.3,84.4,116800300,88.34,102.12,85.51,,89.65,94.16,88.13,77.75,混合,8.56,,40.9,7.69,123050715.0,0.9,,,,2024-12-11 00:00:00,84.4
2025-03-05,86.35,90.3,82.5,90.13,116053000,86.93,102.42,85.83,,89.76,93.8,88.2,77.87,混合,15.74,,47.1,7.7,117313025.0,1.0,,,,2024-12-11 00:00:00,90.13
2025-03-06,87.5,88.34,80.01,80.46,117340600,85.66,101.31,85.97,,87.69,92.58,87.92,77.9,混合,3.29,,39.5,7.87,118648640.0,1.0,,,,2024-12-11 00:00:00,80.46
2025-03-07,80.03,85.16,79.15,84.91,105377100,85.29,100.52,86.13,,87.07,91.89,87.81,77.97,混合,8.91,,44.0,7.74,117506620.0,0.9,,,,2024-12-11 00:00:00,84.91
2025-03-10,82.0,82.69,74.57,76.38,136843800,83.67,98.86,86.14,,84.7,90.48,87.4,77.95,混合,-2.01,,38.2,7.92,117159040.0,1.2,,,,2024-12-11 00:00:00,76.38
2025-03-11,75.79,80.75,75.53,78.05,109351500,82.83,97.3,86.21,,83.22,89.35,87.07,77.95,混合,0.13,,39.8,7.73,117629710.0,0.9,,,,2024-12-11 00:00:00,78.05
2025-03-12,83.48,84.55,79.86,83.65,116525100,82.68,95.73,86.43,,83.31,88.83,86.95,78.01,混合,7.23,,45.2,7.64,118740380.0,1.0,,,,2024-12-11 00:00:00,83.65
2025-03-13,82.85,83.74,78.32,79.62,100927200,82.2,94.16,86.52,,82.49,87.99,86.69,78.02,混合,2.05,,42.3,7.48,120020895.0,0.8,,,,2024-12-11 00:00:00,79.62
2025-03-14,82.97,87.27,82.16,86.24,113985000,82.43,92.67,86.63,,83.33,87.83,86.67,78.11,混合,10.41,,48.2,7.49,122718795.0,0.9,,,,2024-12-11 00:00:00,86.24
2025-03-17,88.44,88.82,84.5,87.35,99348900,82.08,91.22,86.75,,84.22,87.79,86.7,78.2,混合,11.7,,49.2,7.27,124409795.0,0.8,,,,2024-12-11 00:00:00,87.35
2025-03-18,85.78,86.17,81.8,83.89,93236500,82.51,89.54,86.78,,84.15,87.43,86.59,78.25,混合,7.2,,46.3,7.15,124860260.0,0.7,,,,2024-12-11 00:00:00,83.89
2025-03-19,84.55,87.99,82.86,86.1,89797400,82.66,87.7,86.85,,84.58,87.31,86.58,78.33,混合,9.92,,48.4,7.0,121975765.0,0.7,,,,2024-12-11 00:00:00,86.1
2025-03-20,85.54,89.8,85.12,87.39,105547400,84.04,86.53,87.0,,85.21,87.32,86.61,78.42,混合,11.43,,49.6,6.84,115098440.0,0.9,,,,2024-12-11 00:00:00,87.39
2025-03-21,85.85,91.07,84.46,90.96,116748700,85.65,85.8,87.25,,86.48,87.65,86.76,78.55,混合,15.8,,52.9,6.82,114482715.0,1.0,,,,2024-12-11 00:00:00,90.96
2025-03-24,93.4,97.39,92.28,96.75,112164700,87.29,85.58,87.63,,88.77,88.48,87.12,78.73,完整多头,22.89,,57.7,6.79,110866700.0,1.0,,,,2024-12-11 00:00:00,96.75
2025-03-25,97.22,98.17,95.08,96.5,78015300,89.4,85.86,88.02,,90.48,89.21,87.45,78.91,完整多头,22.3,,57.4,6.53,108136150.0,0.7,,,,2024-12-11 00:00:00,96.5
2025-03-26,96.29,97.3,90.82,92.28,81428600,90.15,86.07,88.25,,90.88,89.49,87.63,79.04,完整多头,16.75,,52.9,6.52,107486145.0,0.8,,,,2024-12-11 00:00:00,92.28
2025-03-27,91.01,93.65,89.67,90.09,82823000,90.49,86.11,88.5,,90.71,89.54,87.71,79.15,混合,13.82,,50.6,6.34,106643270.0,0.8,,,,2024-12-11 00:00:00,90.09
2025-03-28,89.34,89.38,84.1,85.85,91091700,90.74,86.16,88.79,,89.63,89.21,87.65,79.22,混合,8.38,,46.5,6.32,104898985.0,0.9,,,,2024-12-11 00:00:00,85.85
2025-03-31,80.0,84.65,78.75,84.4,108092900,90.53,86.13,89.09,,88.47,88.77,87.53,79.27,混合,6.48,,45.2,6.37,104574935.0,1.0,,,,2024-12-11 00:00:00,84.4
2025-04-01,83.89,85.28,81.82,84.68,78980700,90.19,86.19,89.4,,87.62,88.4,87.43,79.32,混合,6.76,,45.5,6.16,102683955.0,0.8,,,,2024-12-11 00:00:00,84.68
2025-04-02,82.4,88.4,82.3,87.45,96563100,89.75,86.34,89.81,,87.59,88.31,87.43,79.4,混合,10.14,,48.8,6.16,101709460.0,0.9,,,,2024-12-11 00:00:00,87.45
2025-04-03,81.25,85.68,81.01,83.6,93878200,88.11,86.03,90.13,,86.7,87.88,87.29,79.44,混合,5.23,,44.7,6.18,100536340.0,0.9,,,,2024-12-11 00:00:00,83.6
2025-04-04,80.07,80.98,71.93,74.01,147323200,85.29,85.72,90.24,,83.88,86.62,86.82,79.39,混合,-6.78,,36.6,6.57,102633645.0,1.4,,,,2024-12-11 00:00:00,74.01
2025-04-07,66.65,81.8,66.12,77.84,169083700,83.49,85.38,90.4,,82.54,85.82,86.5,79.37,混合,-1.93,,41.2,7.22,104245640.0,1.6,,,,2024-12-11 00:00:00,77.84
2025-04-08,83.29,86.11,75.22,77.32,135345600,81.89,85.43,90.5,,81.38,85.05,86.17,79.35,混合,-2.56,,40.8,7.49,105545345.0,1.3,,,,2024-12-11 00:00:00,77.32
2025-04-09,78.19,93.33,77.27,92.01,187244300,82.66,86.09,90.84,,83.74,85.68,86.38,79.48,混合,15.77,,55.1,8.1,109081305.0,1.7,,,,2024-12-11 00:00:00,92.01
2025-04-10,88.4,90.78,84.14,88.59,124448200,83.19,86.33,91.06,,84.82,85.95,86.46,79.57,混合,11.34,,51.9,8.08,110257355.0,1.1,,,,2024-12-11 00:00:00,88.59
2025-04-11,87.98,89.55,85.47,88.55,95130700,83.67,86.75,91.23,,85.65,86.18,86.53,79.66,混合,11.16,,51.9,7.8,109314640.0,0.9,,,,2024-12-11 00:00:00,88.55
2025-04-14,95.8,97.33,91.46,92.62,122836900,84.32,87.06,91.48,,87.2,86.77,86.75,79.79,完整多头,16.08,,55.4,7.87,110489040.0,1.1,,,,2024-12-11 00:00:00,92.62
2025-04-15,93.53,98.99,93.05,98.4,118457700,86.17,87.58,91.89,,89.69,87.83,87.17,79.97,完整多头,23.04,,59.9,7.76,111750100.0,1.1,,,,2024-12-11 00:00:00,98.4
2025-04-16,96.28,97.3,89.62,92.71,121997600,88.51,88.0,92.12,,90.36,88.27,87.36,80.1,完整多头,15.74,,54.1,7.83,113360110.0,1.1,,,,2024-12-11 00:00:00,92.71
2025-04-17,94.71,95.11,92.27,93.78,83991800,90.5,88.37,92.38,,91.12,88.77,87.59,80.24,完整多头,16.88,,55.0,7.48,112282330.0,0.7,,,,2024-12-11 00:00:00,93.78
2025-04-21,92.84,96.47,89.31,90.8,83831100,92.18,88.53,92.55,,91.05,88.96,87.71,80.34,混合,13.02,,52.0,7.45,110636450.0,0.8,,,,2024-12-11 00:00:00,90.8
2025-04-22,93.01,96.34,91.35,93.99,91185400,92.43,88.68,92.76,,91.7,89.41,87.93,80.48,完整多头,16.79,,54.8,7.32,109587485.0,0.8,,,,2024-12-11 00:00:00,93.99
2025-04-23,98.86,103.76,97.83,100.82,112909500,93.96,88.87,93.07,,93.73,90.45,88.39,80.68,完整多头,24.96,,60.2,7.49,111332195.0,1.0,,,,2024-12-11 00:00:00,100.82
2025-04-24,101.53,108.0,100.91,107.78,103190700,96.36,89.41,93.14,,96.85,92.03,89.08,80.95,完整多头,33.15,,64.9,7.47,112420300.0,0.9,,,,2024-12-11 00:00:00,107.78
2025-04-25,108.05,112.88,106.55,112.78,103933800,98.88,90.38,93.35,,100.39,93.91,89.93,81.27,完整多头,38.78,,67.7,7.39,113475840.0,0.9,,,,2024-12-11 00:00:00,112.78
2025-04-28,113.78,114.86,108.87,114.65,111082900,100.91,91.55,93.41,,103.56,95.8,90.81,81.6,完整多头,40.51,,68.8,7.29,114475400.0,1.0,,,,2024-12-11 00:00:00,114.65
2025-04-29,113.98,117.23,113.24,116.08,79709000,103.84,92.99,93.51,,106.34,97.64,91.72,81.94,完整多头,41.66,,69.6,7.05,113056205.0,0.7,,,,2024-12-11 00:00:00,116.08
2025-04-30,111.61,118.78,110.54,118.44,109461700,106.92,94.61,93.54,,109.03,99.53,92.67,82.3,完整多头,43.9,,70.9,7.14,114580255.0,1.0,,,,2024-12-11 00:00:00,118.44
2025-05-01,120.04,120.19,116.0,116.2,90677600,110.09,96.12,93.6,,110.62,101.05,93.51,82.64,完整多头,40.61,,67.9,6.93,114285980.0,0.8,,,,2024-12-11 00:00:00,116.2
2025-05-02,118.66,124.42,118.63,124.28,103094300,113.88,97.87,93.73,,113.66,103.16,94.61,83.06,完整多头,49.63,,72.5,7.02,114746785.0,0.9,,,,2024-12-11 00:00:00,124.28
2025-05-05,123.7,125.25,121.36,123.77,135961300,116.75,99.78,93.84,,115.91,105.03,95.65,83.46,完整多头,48.3,,71.8,6.8,114178690.0,1.2,,,,2024-12-11 00:00:00,123.77
2025-05-06,112.71,113.91,105.32,108.86,201193400,116.88,101.44,93.65,,114.34,105.38,96.12,83.71,混合,30.04,,55.1,7.63,115784175.0,1.7,,,,2024-12-11 00:00:00,108.86
2025-05-07,107.97,111.85,107.0,110.48,95428800,116.6,103.0,93.39,,113.48,105.84,96.64,83.98,混合,31.55,,56.3,7.43,113788335.0,0.8,,,,2024-12-11 00:00:00,110.48
2025-05-08,112.28,120.38,112.07,119.15,126966200,117.16,104.99,93.52,,114.74,107.05,97.44,84.33,完整多头,41.29,,62.1,7.61,110774430.0,1.1,,,,2024-12-11 00:00:00,119.15
2025-05-09,118.97,119.16,114.9,117.3,81005300,117.31,106.19,93.72,,115.31,107.99,98.15,84.66,完整多头,38.56,,60.2,7.37,108602285.0,0.7,,,,2024-12-11 00:00:00,117.3
2025-05-12,120.78,120.93,115.01,118.46,94257300,117.31,107.61,94.03,,116.01,108.94,98.87,84.99,完整多头,39.37,,61.0,7.26,108558615.0,0.9,,,,2024-12-11 00:00:00,118.46
2025-05-13,119.92,130.6,119.31,128.1,147155400,118.8,109.5,94.71,,118.7,110.68,99.92,85.42,完整多头,49.96,,66.8,7.61,109774540.0,1.3,,,,2024-12-11 00:00:00,128.1
2025-05-14,129.01,133.49,127.56,130.18,96611500,119.54,111.29,95.48,,121.25,112.45,101.0,85.87,完整多头,51.6,,67.9,7.49,108682230.0,0.9,,,,2024-12-11 00:00:00,130.18
2025-05-15,128.37,130.2,125.74,128.12,69503000,120.08,112.7,96.19,,122.78,113.88,101.97,86.29,完整多头,48.48,,65.6,7.28,106057500.0,0.7,,,,2024-12-11 00:00:00,128.12
2025-05-16,129.23,130.33,126.76,129.52,57003700,122.66,114.45,97.0,,124.27,115.3,102.95,86.72,完整多头,49.36,,66.4,7.01,104708095.0,0.5,,,,2024-12-11 00:00:00,129.52
2025-05-19,124.71,127.77,124.32,126.33,72503900,124.65,116.0,97.75,,124.73,116.3,103.79,87.11,完整多头,45.02,,62.7,6.88,104141735.0,0.7,,,,2024-12-11 00:00:00,126.33
2025-05-20,127.22,128.2,124.65,125.59,61265300,125.45,117.66,98.52,,124.92,117.15,104.57,87.5,完整多头,43.54,,61.8,6.64,102645730.0,0.6,,,,2024-12-11 00:00:00,125.59
2025-05-21,125.16,127.11,119.41,120.58,80657700,125.86,118.93,99.18,,123.96,117.46,105.14,87.83,混合,37.29,,56.1,6.72,101033140.0,0.8,,,,2024-12-11 00:00:00,120.58
2025-05-22,121.95,126.33,121.38,122.29,75498300,126.34,119.95,99.76,,123.59,117.9,105.75,88.17,混合,38.7,,57.5,6.65,99648520.0,0.8,,,,2024-12-11 00:00:00,122.29
2025-05-23,120.88,125.54,120.68,123.31,65905800,125.74,120.69,100.54,,123.53,118.39,106.38,88.52,混合,39.3,,58.4,6.52,97747120.0,0.7,,,,2024-12-11 00:00:00,123.31
2025-05-27,126.82,127.88,120.88,123.39,86455200,124.89,121.19,101.24,,123.5,118.84,106.98,88.87,混合,38.85,,58.5,6.56,96515735.0,0.9,,,,2024-12-11 00:00:00,123.39
2025-05-28,124.23,125.65,122.91,123.76,64866000,124.35,121.63,102.1,,123.55,119.29,107.58,89.21,完整多头,38.73,,58.8,6.28,95773585.0,0.7,,,,2024-12-11 00:00:00,123.76
2025-05-29,125.35,126.47,121.53,122.32,62929100,123.45,121.93,102.91,,123.28,119.57,108.11,89.54,混合,36.61,,56.8,6.19,93446955.0,0.7,,,,2024-12-11 00:00:00,122.32
2025-05-30,123.53,131.94,122.75,131.78,185897600,124.13,122.56,103.78,,125.17,120.68,108.96,89.96,完整多头,46.48,,65.3,6.43,98207955.0,1.9,,,,2024-12-11 00:00:00,131.78
2025-06-02,131.43,134.48,128.86,132.04,93218700,124.93,123.31,104.74,,126.7,121.71,109.78,90.38,完整多头,46.09,,65.5,6.37,97714175.0,1.0,,,,2024-12-11 00:00:00,132.04
2025-06-03,133.07,135.28,130.1,133.17,91297700,126.51,123.74,105.59,,128.13,122.75,110.62,90.81,完整多头,46.65,,66.4,6.29,95480995.0,1.0,,,,2024-12-11 00:00:00,133.17
2025-06-04,132.8,132.95,125.58,130.01,97306300,127.47,124.04,106.37,,128.55,123.41,111.31,91.2,完整多头,42.56,,61.5,6.38,90286640.0,1.1,,,,2024-12-11 00:00:00,130.01
2025-06-05,129.27,132.85,118.93,119.91,131055900,127.05,124.56,107.02,,126.63,123.09,111.62,91.48,混合,31.07,,49.0,6.92,92067995.0,1.4,,,,2024-12-11 00:00:00,119.91
2025-06-06,123.73,128.13,121.92,127.72,87175100,127.59,125.38,107.78,,126.87,123.51,112.19,91.84,完整多头,39.06,,56.4,7.01,90078440.0,1.0,,,,2024-12-11 00:00:00,127.72
2025-06-09,127.07,132.23,124.8,132.06,74785600,128.63,126.0,108.59,,128.03,124.29,112.9,92.24,完整多头,43.17,,59.9,7.04,89767455.0,0.8,,,,2024-12-11 00:00:00,132.06
2025-06-10,131.02,134.07,129.41,132.81,69308900,129.94,126.74,109.35,,129.09,125.07,113.61,92.65,完整多头,43.35,,60.5,6.87,88520035.0,0.8,,,,2024-12-11 00:00:00,132.81
2025-06-11,133.92,140.0,132.99,136.39,97366000,130.51,127.59,110.07,,130.71,126.09,114.42,93.08,完整多头,46.53,,63.2,6.9,86030565.0,1.1,,,,2024-12-11 00:00:00,136.39
2025-06-12,136.4,137.1,134.63,135.19,56248200,130.91,127.93,110.77,,131.71,126.92,115.17,93.5,完整多头,44.59,,61.7,6.58,84012400.0,0.7,,,,2024-12-11 00:00:00,135.19
2025-06-13,133.82,139.99,133.35,137.4,93519000,131.44,128.27,111.59,,132.97,127.87,115.96,93.94,完整多头,46.27,,63.5,6.58,85213200.0,1.1,,,,2024-12-11 00:00:00,137.4
2025-06-16,140.03,144.86,139.81,141.41,80779800,132.86,128.9,112.53,,134.85,129.1,116.87,94.41,完整多头,49.78,,66.5,6.65,86402005.0,0.9,,,,2024-12-11 00:00:00,141.41
2025-06-17,141.49,141.69,136.08,138.2,70479100,135.15,129.32,113.48,,135.59,129.93,117.63,94.85,完整多头,45.71,,62.0,6.57,86300765.0,0.8,,,,2024-12-11 00:00:00,138.2
2025-06-18,139.04,140.36,137.49,139.96,58260200,136.68,129.97,114.49,,136.56,130.84,118.43,95.29,完整多头,46.87,,63.5,6.31,86150510.0,0.7,,,,2024-12-11 00:00:00,139.96
2025-06-20,140.69,142.24,136.74,137.3,87067000,137.33,130.52,115.45,,136.73,131.43,119.1,95.71,完整多头,43.45,,59.8,6.25,86470975.0,1.0,,,,2024-12-11 00:00:00,137.3
2025-06-23,138.9,142.15,135.96,139.92,70501100,138.22,131.44,116.4,,137.44,132.2,119.85,96.15,完整多头,45.52,,62.1,6.25,86221115.0,0.8,,,,2024-12-11 00:00:00,139.92
2025-06-24,140.98,143.66,137.8,143.23,58574200,139.08,132.44,117.48,,138.72,133.2,120.68,96.62,完整多头,48.24,,64.9,6.22,85854535.0,0.7,,,,2024-12-11 00:00:00,143.23
2025-06-25,144.49,147.67,141.53,142.9,61435300,140.04,133.37,118.74,,139.65,134.09,121.47,97.08,完整多头,47.2,,64.4,6.21,84603540.0,0.7,,,,2024-12-11 00:00:00,142.9
2025-06-26,144.85,148.21,142.91,144.25,69440500,140.9,134.37,119.94,,140.67,135.01,122.29,97.55,完整多头,47.87,,65.6,6.15,84832265.0,0.8,,,,2024-12-11 00:00:00,144.25
2025-06-27,144.87,144.97,130.54,130.74,202598600,139.56,134.7,120.92,,138.47,134.62,122.59,97.88,混合,33.57,,48.3,6.74,91815740.0,2.2,,,,2024-12-11 00:00:00,130.74
2025-06-30,137.79,138.88,134.8,136.32,97305600,139.33,135.37,121.72,,137.99,134.78,123.08,98.26,混合,38.73,,53.7,6.84,87386140.0,1.1,,,,2024-12-11 00:00:00,136.32
2025-07-01,135.27,136.32,128.51,130.68,91479700,138.17,135.31,122.49,,136.36,134.4,123.35,98.59,混合,32.55,,48.2,6.91,87299190.0,1.0,,,,2024-12-11 00:00:00,130.68
2025-07-02,131.47,133.6,130.19,132.12,59732000,137.52,135.32,123.28,,135.42,134.2,123.66,98.92,混合,33.56,,49.6,6.66,85720905.0,0.7,,,,2024-12-11 00:00:00,132.12
2025-07-03,134.36,135.62,132.51,134.36,41812500,136.82,135.38,124.04,,135.19,134.21,124.05,99.27,混合,35.34,,51.8,6.43,82946215.0,0.5,,,,2024-12-11 00:00:00,134.36
2025-07-07,134.38,139.29,132.32,139.12,71959700,136.31,135.81,124.78,,136.06,134.66,124.59,99.67,完整多头,39.58,,56.2,6.47,79991405.0,0.9,,,,2024-12-11 00:00:00,139.12
2025-07-08,138.77,139.85,135.79,139.71,59834800,135.91,136.75,125.63,,136.87,135.12,125.13,100.07,完整多头,39.62,,56.8,6.3,78624390.0,0.8,,,,2024-12-11 00:00:00,139.71
2025-07-09,139.65,143.17,137.39,143.13,68494800,135.77,137.49,126.53,,138.26,135.85,125.77,100.5,完整多头,42.42,,59.8,6.26,78309850.0,0.9,,,,2024-12-11 00:00:00,143.13
2025-07-10,143.31,145.16,139.53,142.5,64383900,137.24,137.98,127.47,,139.2,136.45,126.37,100.91,完整多头,41.21,,59.0,6.22,78063600.0,0.8,,,,2024-12-11 00:00:00,142.5
2025-07-11,142.11,144.58,141.47,142.1,52134800,137.97,138.43,128.34,,139.85,136.96,126.93,101.32,完整多头,40.24,,58.4,6.0,75802040.0,0.7,,,,2024-12-11 00:00:00,142.1
2025-07-14,142.72,149.57,142.22,149.15,81774400,140.27,139.03,129.22,,141.91,138.07,127.72,101.8,完整多头,46.51,,64.6,6.1,77078350.0,1.1,,,,2024-12-11 00:00:00,149.15
2025-07-15,148.93,150.62,147.36,148.58,59126200,142.33,139.67,129.97,,143.4,139.03,128.47,102.26,完整多头,45.29,,63.8,5.9,75358710.0,0.8,,,,2024-12-11 00:00:00,148.58
2025-07-16,149.3,151.51,147.67,150.91,57550300,144.4,140.31,130.66,,145.07,140.11,129.27,102.75,完整多头,46.87,,65.8,5.75,74197235.0,0.8,,,,2024-12-11 00:00:00,150.91
2025-07-17,151.56,155.68,150.82,153.99,60165500,146.26,140.91,131.37,,147.05,141.37,130.15,103.26,完整多头,49.13,,68.2,5.69,73681555.0,0.8,,,,2024-12-11 00:00:00,153.99
2025-07-18,154.86,154.92,151.9,153.52,45771600,147.99,141.64,132.05,,148.49,142.47,130.99,103.76,完整多头,47.96,,67.4,5.5,73057125.0,0.6,,,,2024-12-11 00:00:00,153.52
2025-07-21,153.88,155.44,151.36,151.79,45072800,149.07,142.21,132.66,,149.22,143.32,131.73,104.24,完整多头,45.62,,64.5,5.4,70957415.0,0.6,,,,2024-12-11 00:00:00,151.79
2025-07-22,150.85,151.79,145.06,149.07,49880800,149.89,142.77,133.26,,149.19,143.84,132.35,104.68,混合,42.4,,60.0,5.49,69926400.0,0.7,,,,2024-12-11 00:00:00,149.07
2025-07-23,149.74,155.0,148.29,154.63,48062000,151.46,143.47,133.81,,150.4,144.82,133.14,105.18,完整多头,47.01,,65.3,5.58,69400790.0,0.7,,,,2024-12-11 00:00:00,154.63
2025-07-24,153.98,155.63,152.57,154.86,38925700,152.17,144.02,134.38,,151.39,145.74,133.92,105.67,完整多头,46.54,,65.5,5.4,68275310.0,0.6,,,,2024-12-11 00:00:00,154.86
2025-07-25,155.63,160.39,155.58,158.8,57972300,153.45,144.78,135.28,,153.04,146.92,134.81,106.2,完整多头,49.53,,68.8,5.41,67701900.0,0.9,,,,2024-12-11 00:00:00,158.8
2025-07-28,159.88,160.28,153.04,157.88,63886900,154.32,145.43,136.15,,154.11,147.92,135.63,106.72,完整多头,47.94,,67.2,5.54,60766315.0,1.1,,,,2024-12-11 00:00:00,157.88
2025-07-29,158.71,160.14,154.91,156.24,42427200,154.6,146.64,136.82,,154.59,148.68,136.37,107.21,完整多头,45.73,,64.3,5.52,58022395.0,0.7,,,,2024-12-11 00:00:00,156.24
2025-07-30,157.37,159.38,156.56,158.61,40261700,155.24,147.7,137.57,,155.48,149.58,137.16,107.72,完整多头,47.24,,66.5,5.35,55461495.0,0.7,,,,2024-12-11 00:00:00,158.61
2025-07-31,159.99,160.89,156.73,158.35,45342600,156.06,149.02,138.3,,156.12,150.38,137.92,108.23,完整多头,46.32,,66.0,5.26,54742025.0,0.8,,,,2024-12-11 00:00:00,158.35
2025-08-01,155.05,158.19,151.06,154.27,61287000,156.71,150.07,138.77,,155.71,150.73,138.5,108.68,混合,41.94,,58.6,5.41,55715750.0,1.1,,,,2024-12-11 00:00:00,154.27
2025-08-04,158.53,161.4,157.93,160.66,82993600,157.46,151.33,139.33,,156.81,151.63,139.29,109.2,完整多头,47.12,,65.2,5.53,56267445.0,1.5,,,,2024-12-11 00:00:00,160.66
2025-08-05,171.81,176.33,169.22,173.27,130917500,159.76,152.95,140.15,,160.47,153.6,140.51,109.84,完整多头,57.75,,74.0,6.25,59821580.0,2.2,,,,2024-12-11 00:00:00,173.27
2025-08-06,171.18,180.58,171.01,179.54,82924800,162.35,154.85,141.06,,164.7,155.96,141.9,110.53,完整多头,62.43,,77.1,6.49,60543080.0,1.4,,,,2024-12-11 00:00:00,179.54
2025-08-07,181.01,184.48,178.17,182.2,77829200,165.39,156.71,142.07,,168.59,158.34,143.34,111.24,完整多头,63.78,,78.3,6.48,61215345.0,1.3,,,,2024-12-11 00:00:00,182.2
2025-08-08,184.74,187.99,184.41,186.96,62657900,169.23,158.83,143.19,,172.67,160.95,144.9,112.0,完整多头,66.93,,80.2,6.43,61741500.0,1.0,,,,2024-12-11 00:00:00,186.96
2025-08-11,186.47,187.18,181.92,182.68,56125600,172.24,160.76,144.32,,174.9,162.92,146.25,112.7,完整多头,62.09,,73.8,6.35,60459060.0,0.9,,,,2024-12-11 00:00:00,182.68
2025-08-12,184.7,190.0,182.1,186.97,54819000,175.82,162.56,145.49,,177.58,165.11,147.7,113.44,完整多头,64.82,,75.9,6.46,60243700.0,0.9,,,,2024-12-11 00:00:00,186.97
2025-08-13,189.0,189.46,183.59,184.37,53610000,179.58,164.27,146.6,,179.09,166.86,149.01,114.15,完整多头,61.52,,72.1,6.41,60046685.0,0.9,,,,2024-12-11 00:00:00,184.37
2025-08-14,182.41,185.33,179.2,181.02,53472900,182.13,165.7,147.65,,179.52,168.15,150.16,114.81,完整多头,57.67,,67.5,6.39,59712055.0,0.9,,,,2024-12-11 00:00:00,181.02
2025-08-15,179.73,180.0,173.38,177.17,60288700,182.61,166.8,148.62,,179.0,168.97,151.12,115.43,混合,53.48,,62.5,6.48,60437910.0,1.0,,,,2024-12-11 00:00:00,177.17
2025-08-18,175.27,177.9,171.39,174.03,62656600,181.92,167.78,149.56,,177.89,169.43,151.94,116.01,混合,50.01,,58.7,6.49,61317100.0,1.0,,,,2024-12-11 00:00:00,174.03
2025-08-19,171.36,172.3,156.9,157.75,137922700,178.87,168.06,150.03,,173.42,168.37,152.15,116.43,混合,35.49,,43.8,7.25,65719195.0,2.1,,,,2024-12-11 00:00:00,157.75
2025-08-20,152.3,156.46,142.34,156.01,220336400,175.0,168.39,150.47,,169.55,167.24,152.28,116.82,混合,33.54,,42.5,7.83,74332915.0,3.0,,,,2024-12-11 00:00:00,156.01
2025-08-21,157.17,157.97,153.81,156.18,94678600,171.69,168.47,150.89,,166.58,166.24,152.42,117.22,混合,33.24,,42.7,7.57,77120560.0,1.2,,,,2024-12-11 00:00:00,156.18
2025-08-22,155.32,163.2,151.77,158.74,102099200,168.16,168.65,151.41,,164.84,165.55,152.65,117.63,混合,34.95,,45.4,7.84,79326905.0,1.3,,,,2024-12-11 00:00:00,158.74
2025-08-25,156.1,158.59,149.37,157.17,86879800,164.76,168.57,152.09,,163.13,164.79,152.81,118.02,混合,33.17,,44.0,7.95,80476550.0,1.1,,,,2024-12-11 00:00:00,157.17
2025-08-26,155.39,162.13,154.57,160.87,86573700,162.24,168.72,152.69,,162.63,164.44,153.1,118.45,混合,35.81,,47.9,7.92,82683875.0,1.0,,,,2024-12-11 00:00:00,160.87
2025-08-27,162.32,162.4,155.98,156.72,76380600,159.68,168.74,153.14,,161.32,163.73,153.23,118.83,混合,31.89,,44.2,7.82,84489820.0,0.9,,,,2024-12-11 00:00:00,156.72
2025-08-28,157.63,158.23,152.55,158.12,57885200,157.69,168.72,153.6,,160.61,163.22,153.4,119.22,混合,32.63,,45.7,7.66,85116950.0,0.7,,,,2024-12-11 00:00:00,158.12
2025-08-29,156.98,158.42,153.0,156.71,45270500,157.56,168.64,153.97,,159.74,162.63,153.52,119.59,混合,31.04,,44.4,7.5,84316125.0,0.5,,,,2024-12-11 00:00:00,156.71
2025-09-02,151.2,158.39,150.28,157.09,65435000,157.7,168.77,154.37,,159.15,162.13,153.65,119.97,混合,30.94,,44.9,7.55,83438195.0,0.8,,,,2024-12-11 00:00:00,157.09
2025-09-03,158.0,161.15,152.71,154.9,66052300,157.54,168.5,154.69,,158.21,161.47,153.69,120.31,混合,28.75,,42.7,7.61,80194935.0,0.8,,,,2024-12-11 00:00:00,154.9
2025-09-04,154.87,157.04,153.16,156.14,53292300,157.21,167.68,154.95,,157.75,160.99,153.78,120.67,混合,29.39,,44.3,7.34,78713310.0,0.7,,,,2024-12-11 00:00:00,156.14
2025-09-05,157.82,158.97,148.04,153.11,81855900,156.71,166.42,155.22,,156.72,160.27,153.76,120.99,混合,26.54,,41.2,7.6,78914645.0,1.0,,,,2024-12-11 00:00:00,153.11
2025-09-08,154.91,158.3,154.84,156.1,47643000,156.11,165.18,155.52,,156.58,159.89,153.84,121.34,混合,28.64,,45.3,7.43,78163900.0,0.6,,,,2024-12-11 00:00:00,156.1
2025-09-09,157.25,162.75,156.37,162.36,61359500,156.82,164.01,155.97,,157.86,160.12,154.14,121.75,混合,33.35,,52.8,7.37,78425595.0,0.8,,,,2024-12-11 00:00:00,162.36
2025-09-10,166.0,169.0,163.44,166.74,62211400,157.89,163.25,156.46,,159.84,160.72,154.59,122.2,混合,36.45,,57.2,7.32,78795215.0,0.8,,,,2024-12-11 00:00:00,166.74
2025-09-11,167.24,167.46,163.22,164.36,42025500,158.85,162.17,156.85,,160.84,161.05,154.94,122.62,混合,34.04,,54.2,7.1,78215990.0,0.5,,,,2024-12-11 00:00:00,164.36
2025-09-12,165.35,171.53,164.01,171.43,54498500,160.64,161.56,157.36,,163.19,161.99,155.53,123.1,完整多头,39.26,,60.7,7.13,78267270.0,0.7,,,,2024-12-11 00:00:00,171.43
2025-09-15,169.6,171.8,167.41,171.21,45396100,162.68,161.09,157.85,,164.98,162.83,156.09,123.58,完整多头,38.54,,60.4,6.93,77522640.0,0.6,,,,2024-12-11 00:00:00,171.21
2025-09-16,171.04,171.31,168.96,170.26,34598700,164.45,160.76,158.57,,166.15,163.51,156.6,124.05,完整多头,37.25,,59.1,6.61,76119745.0,0.5,,,,2024-12-11 00:00:00,170.26
2025-09-17,169.02,169.68,161.27,168.33,69255500,166.35,160.49,159.16,,166.63,163.94,157.02,124.49,完整多头,35.22,,56.5,6.78,72686385.0,1.0,,,,2024-12-11 00:00:00,168.33
2025-09-18,170.27,178.8,169.39,176.97,70768600,168.96,161.41,160.0,,168.93,165.13,157.73,125.01,完整多头,41.57,,64.2,7.04,65207995.0,1.1,,,,2024-12-11 00:00:00,176.97
2025-09-19,177.07,184.42,176.71,182.39,109129900,171.46,162.66,160.91,,171.92,166.7,158.61,125.58,完整多头,45.24,,68.1,7.09,65930560.0,1.7,,,,2024-12-11 00:00:00,182.39
2025-09-22,180.88,182.25,178.29,179.33,45916700,173.03,163.76,161.73,,173.57,167.85,159.35,126.12,完整多头,42.2,,63.9,6.88,63121435.0,0.7,,,,2024-12-11 00:00:00,179.33
2025-09-23,182.51,185.75,177.01,182.55,62354800,175.31,164.9,162.52,,175.56,169.18,160.18,126.68,完整多头,44.11,,66.3,7.01,61895185.0,1.0,,,,2024-12-11 00:00:00,182.55
2025-09-24,183.91,184.85,177.12,179.56,45379700,176.33,165.96,163.24,,176.45,170.13,160.87,127.2,完整多头,41.16,,62.2,7.06,59835485.0,0.8,,,,2024-12-11 00:00:00,179.56
2025-09-25,175.8,184.32,174.29,179.12,72321200,177.31,166.83,163.9,,177.05,170.94,161.52,127.72,完整多头,40.24,,61.6,7.27,59632515.0,1.2,,,,2024-12-11 00:00:00,179.12
2025-09-26,179.05,180.12,174.91,177.57,44275800,178.23,167.83,164.53,,177.16,171.55,162.1,128.22,完整多头,38.49,,59.5,7.12,58952045.0,0.8,,,,2024-12-11 00:00:00,177.57
2025-09-29,179.64,181.48,177.16,178.86,38413800,179.54,168.81,165.2,119.38,177.54,172.21,162.69,128.72,完整多头,38.95,49.82,60.7,6.92,58609210.0,0.7,2024-12-10 00:00:00,2025-09-29 00:00:00,200.0,2024-12-11 00:00:00,178.86
2025-09-30,178.98,182.77,178.22,182.42,43561700,180.23,170.04,165.81,119.94,178.62,173.14,163.4,129.25,完整多头,41.13,52.09,64.0,6.75,57515545.0,0.8,2024-12-11 00:00:00,2025-09-30 00:00:00,200.0,2024-12-11 00:00:00,182.42
2025-10-01,181.32,186.28,179.5,184.95,45717300,180.55,171.36,166.47,120.5,180.03,174.21,164.17,129.81,完整多头,42.48,53.48,66.1,6.76,56498795.0,0.8,2024-12-12 00:00:00,2025-10-01 00:00:00,200.0,2024-12-11 00:00:00,184.95
2025-10-02,186.7,188.2,182.95,187.05,39849200,181.51,172.9,167.13,121.07,181.59,175.38,164.99,130.38,完整多头,43.47,54.49,67.8,6.65,55826640.0,0.7,2024-12-13 00:00:00,2025-10-02 00:00:00,200.0,2024-12-11 00:00:00,187.05
2025-10-03,186.4,186.84,170.77,173.07,105533400,180.33,173.7,167.47,121.56,179.7,175.17,165.27,130.8,混合,32.31,42.38,49.7,7.34,57010515.0,1.9,2024-12-16 00:00:00,2025-10-03 00:00:00,200.0,2024-12-11 00:00:00,173.07
2025-10-06,179.18,182.95,177.83,179.53,52504200,180.32,174.96,167.95,122.08,179.66,175.57,165.78,131.29,混合,36.75,47.06,55.6,7.52,57253575.0,0.9,2024-12-17 00:00:00,2025-10-06 00:00:00,200.0,2024-12-11 00:00:00,179.53
2025-10-07,180.31,186.18,179.42,182.17,58179300,180.7,176.2,168.5,122.62,180.22,176.17,166.37,131.79,完整多头,38.22,48.57,57.8,7.46,57094565.0,1.0,2024-12-18 00:00:00,2025-10-07 00:00:00,200.0,2024-12-11 00:00:00,182.17
2025-10-08,182.8,184.26,181.2,183.56,36299700,181.45,177.21,169.13,123.18,180.96,176.84,166.98,132.31,完整多头,38.74,49.02,58.9,7.15,55798980.0,0.7,2024-12-19 00:00:00,2025-10-08 00:00:00,200.0,2024-12-11 00:00:00,183.56
2025-10-09,183.58,187.62,179.95,185.47,45050300,182.28,178.1,169.69,123.73,181.96,177.62,167.64,132.84,完整多头,39.62,49.9,60.5,7.19,55950220.0,0.8,2024-12-20 00:00:00,2025-10-09 00:00:00,200.0,2024-12-11 00:00:00,185.47
2025-10-10,185.17,187.1,173.53,175.44,55194000,181.41,178.63,170.06,124.21,180.51,177.42,167.92,133.26,混合,31.65,41.25,49.7,7.64,55984995.0,1.0,2024-12-23 00:00:00,2025-10-10 00:00:00,200.0,2024-12-11 00:00:00,175.44
2025-10-13,178.68,179.22,173.45,177.21,41332400,180.44,178.91,170.4,124.69,179.78,177.41,168.25,133.7,混合,32.54,42.12,51.4,7.51,55781810.0,0.7,2024-12-24 00:00:00,2025-10-13 00:00:00,200.0,2024-12-11 00:00:00,177.21
2025-10-14,176.0,182.34,170.82,179.74,49261400,179.52,179.31,170.79,125.18,179.77,177.62,168.66,134.16,混合,33.98,43.59,53.7,7.8,56514945.0,0.9,2024-12-26 00:00:00,2025-10-14 00:00:00,200.0,2024-12-11 00:00:00,179.74
2025-10-15,181.65,184.35,176.02,179.62,37372100,180.34,179.76,171.22,125.66,179.74,177.8,169.05,134.61,混合,33.44,42.94,53.6,7.83,54920775.0,0.7,2024-12-27 00:00:00,2025-10-15 00:00:00,200.0,2024-12-11 00:00:00,179.62
2025-10-16,181.78,184.82,176.45,178.12,42870900,180.17,180.22,171.57,126.16,179.38,177.83,169.38,135.04,混合,31.9,41.19,51.9,7.87,53525890.0,0.8,2024-12-30 00:00:00,2025-10-16 00:00:00,200.0,2024-12-11 00:00:00,178.12
2025-10-17,177.75,181.59,173.95,178.15,43421500,179.66,180.28,171.93,126.66,179.1,177.86,169.69,135.47,混合,31.5,40.65,51.9,7.86,50240470.0,0.9,2024-12-31 00:00:00,2025-10-17 00:00:00,200.0,2024-12-11 00:00:00,178.15
2025-10-20,179.49,183.09,177.44,181.59,31975800,179.42,180.24,172.43,127.19,179.66,178.2,170.12,135.93,完整多头,33.59,42.77,55.7,7.7,49543425.0,0.6,2025-01-02 00:00:00,2025-10-20 00:00:00,200.0,2024-12-11 00:00:00,181.59
2025-10-21,182.06,182.39,178.65,181.51,27528100,178.92,180.35,172.81,127.72,180.07,178.5,170.52,136.38,完整多头,33.09,42.11,55.5,7.42,47802090.0,0.6,2025-01-03 00:00:00,2025-10-21 00:00:00,200.0,2024-12-11 00:00:00,181.51
2025-10-22,181.93,182.21,169.42,175.49,58263100,178.93,180.01,172.85,128.2,179.05,178.22,170.7,136.77,混合,28.31,36.89,47.9,7.8,48446260.0,1.2,2025-01-06 00:00:00,2025-10-22 00:00:00,200.0,2024-12-11 00:00:00,175.49
2025-10-23,175.45,181.56,175.01,180.48,35812300,179.34,180.05,172.87,128.73,179.37,178.43,171.05,137.21,完整多头,31.54,40.21,53.6,7.71,46620815.0,0.8,2025-01-07 00:00:00,2025-10-23 00:00:00,200.0,2024-12-11 00:00:00,180.48
2025-10-24,182.88,186.17,182.85,184.63,34813500,179.95,180.32,172.91,129.3,180.54,178.99,171.54,137.68,完整多头,34.1,42.79,57.7,7.57,46147700.0,0.8,2025-01-08 00:00:00,2025-10-24 00:00:00,200.0,2024-12-11 00:00:00,184.63
2025-10-27,188.97,192.83,187.52,189.18,47153100,181.14,180.87,172.95,129.9,182.46,179.92,172.17,138.19,完整多头,36.9,45.63,61.7,7.61,46584665.0,1.0,2025-01-10 00:00:00,2025-10-27 00:00:00,200.0,2024-12-11 00:00:00,189.18
2025-10-28,189.48,191.78,186.78,189.6,38201000,182.58,181.38,173.08,130.51,184.05,180.8,172.79,138.7,完整多头,36.69,45.27,62.1,7.42,46316630.0,0.8,2025-01-13 00:00:00,2025-10-28 00:00:00,200.0,2024-12-11 00:00:00,189.6
2025-10-29,191.08,199.85,190.49,198.81,65537300,185.16,182.16,173.29,131.18,187.33,182.44,173.72,139.3,完整多头,42.72,51.55,69.0,7.63,47307630.0,1.4,2025-01-14 00:00:00,2025-10-29 00:00:00,200.0,2024-12-11 00:00:00,198.81
2025-10-30,198.43,199.67,194.12,194.55,43541700,186.78,182.62,173.48,131.83,188.93,183.54,174.46,139.85,完整多头,39.11,47.58,63.3,7.48,47492255.0,0.9,2025-01-15 00:00:00,2025-10-30 00:00:00,200.0,2024-12-11 00:00:00,194.55
2025-10-31,199.2,204.18,197.92,200.47,52697600,189.15,183.26,173.83,132.49,191.5,185.08,175.39,140.45,完整多头,42.73,51.31,67.3,7.63,44850465.0,1.2,2025-01-16 00:00:00,2025-10-31 00:00:00,200.0,2024-12-11 00:00:00,200.47
2025-11-03,205.04,207.52,201.82,207.18,81016800,193.11,184.88,174.38,133.18,194.98,187.09,176.53,141.12,完整多头,46.81,55.57,71.2,7.59,46276095.0,1.8,2025-01-17 00:00:00,2025-11-03 00:00:00,200.0,2024-12-11 00:00:00,207.18
2025-11-04,192.07,195.7,185.56,190.74,121380900,194.4,185.41,174.68,133.77,194.04,187.42,177.03,141.61,混合,34.69,42.58,54.2,8.59,49436175.0,2.5,2025-01-21 00:00:00,2025-11-04 00:00:00,200.0,2024-12-11 00:00:00,190.74
2025-11-05,189.0,190.32,181.21,187.9,76121000,194.8,185.69,175.23,134.35,192.67,187.46,177.42,142.07,混合,32.26,39.86,51.9,8.66,51427240.0,1.5,2025-01-22 00:00:00,2025-11-05 00:00:00,200.0,2024-12-11 00:00:00,187.9
2025-11-06,187.99,191.09,174.53,175.05,78468600,193.04,185.28,175.57,134.84,188.76,186.33,177.34,142.4,混合,22.93,29.82,43.0,9.22,53098155.0,1.5,2025-01-23 00:00:00,2025-11-06 00:00:00,200.0,2024-12-11 00:00:00,175.05
2025-11-07,173.15,178.7,168.91,177.93,73989700,191.58,184.92,175.97,135.33,186.35,185.57,177.36,142.75,混合,24.64,31.48,45.3,9.26,54037940.0,1.4,2025-01-24 00:00:00,2025-11-07 00:00:00,200.0,2024-12-11 00:00:00,177.93
2025-11-10,184.31,194.93,183.52,193.61,87764200,190.93,185.79,176.6,135.91,187.96,186.3,177.94,143.26,完整多头,35.15,42.46,55.6,9.82,56359530.0,1.6,2025-01-27 00:00:00,2025-11-10 00:00:00,200.0,2024-12-11 00:00:00,193.61
2025-11-11,190.34,192.93,187.13,190.96,49819700,190.48,186.44,177.22,136.48,188.63,186.72,178.4,143.74,完整多头,32.86,39.91,53.8,9.58,56387445.0,0.9,2025-01-28 00:00:00,2025-11-11 00:00:00,200.0,2024-12-11 00:00:00,190.96
2025-11-12,190.58,190.58,180.4,184.17,55347100,188.44,186.65,177.64,137.0,187.64,186.49,178.61,144.14,混合,27.77,34.43,49.3,9.65,57286195.0,1.0,2025-01-29 00:00:00,2025-11-12 00:00:00,200.0,2024-12-11 00:00:00,184.17
2025-11-13,181.71,182.7,170.73,172.14,63188800,184.06,186.3,177.92,137.47,184.19,185.19,178.38,144.42,混合,19.2,25.22,42.5,9.92,58302090.0,1.1,2025-01-30 00:00:00,2025-11-13 00:00:00,200.0,2024-12-11 00:00:00,172.14
2025-11-14,166.98,177.29,164.5,174.01,62596800,181.97,186.1,178.21,137.93,181.93,184.17,178.22,144.71,混合,20.25,26.16,43.8,10.12,59260855.0,1.1,2025-01-31 00:00:00,2025-11-14 00:00:00,200.0,2024-12-11 00:00:00,174.01
2025-11-17,170.53,174.24,167.68,171.25,50339000,179.89,185.77,178.48,138.37,179.56,183.0,177.97,144.97,混合,18.12,23.76,42.2,9.87,60179015.0,0.8,2025-02-03 00:00:00,2025-11-17 00:00:00,200.0,2024-12-11 00:00:00,171.25
2025-11-18,168.37,172.83,165.5,167.33,53710100,178.92,185.09,178.66,138.79,176.84,181.57,177.59,145.2,混合,15.24,20.56,40.1,9.69,61488115.0,0.9,2025-02-04 00:00:00,2025-11-18 00:00:00,200.0,2024-12-11 00:00:00,167.33
2025-11-19,167.8,169.6,162.42,165.42,46108200,177.36,184.33,178.85,139.1,174.3,180.1,177.16,145.4,混合,13.77,18.92,39.1,9.51,60880370.0,0.8,2025-02-05 00:00:00,2025-11-19 00:00:00,200.0,2024-12-11 00:00:00,165.42
2025-11-20,172.07,174.57,154.4,155.74,78443900,172.63,183.39,178.85,139.37,170.18,177.89,176.39,145.5,混合,7.04,11.75,34.3,10.27,63011950.0,1.2,2025-02-06 00:00:00,2025-11-20 00:00:00,200.0,2024-12-11 00:00:00,155.74
2025-11-21,156.01,158.11,147.56,154.85,71346400,168.11,182.17,178.88,139.59,166.77,175.8,175.62,145.59,混合,6.36,10.93,33.9,10.29,64838595.0,1.1,2025-02-07 00:00:00,2025-11-21 00:00:00,200.0,2024-12-11 00:00:00,154.85
2025-11-24,157.47,165.17,157.0,162.25,57877800,165.37,181.1,178.99,139.85,165.77,174.56,175.15,145.76,混合,11.31,16.02,40.3,10.29,65374830.0,0.9,2025-02-10 00:00:00,2025-11-24 00:00:00,200.0,2024-12-11 00:00:00,162.25
2025-11-25,160.07,164.65,156.55,163.55,36523500,164.3,179.88,179.01,140.08,165.27,173.56,174.73,145.94,混合,12.07,16.75,41.4,10.14,65290955.0,0.6,2025-02-11 00:00:00,2025-11-25 00:00:00,200.0,2024-12-11 00:00:00,163.55
2025-11-26,166.85,168.34,163.88,165.77,34610500,163.27,178.75,178.99,140.35,165.38,172.85,174.41,146.13,混合,13.44,18.12,43.3,9.75,63744615.0,0.5,2025-02-12 00:00:00,2025-11-26 00:00:00,200.0,2024-12-11 00:00:00,165.77
2025-11-28,167.76,168.8,165.88,168.45,17199500,162.92,177.3,179.07,140.6,166.07,172.45,174.2,146.36,混合,15.1,19.81,45.5,9.27,62427505.0,0.3,2025-02-13 00:00:00,2025-11-28 00:00:00,200.0,2024-12-11 00:00:00,168.45
2025-12-01,165.0,169.1,163.12,167.49,27779600,162.94,176.01,179.0,140.85,166.38,172.0,173.96,146.57,混合,14.28,18.91,44.8,9.04,61181605.0,0.5,2025-02-14 00:00:00,2025-12-01 00:00:00,200.0,2024-12-11 00:00:00,167.49
2025-12-02,169.59,175.75,169.59,170.69,35368000,163.6,174.59,178.99,141.11,167.34,171.88,173.84,146.81,混合,16.27,20.96,47.7,8.98,58899165.0,0.6,2025-02-18 00:00:00,2025-12-02 00:00:00,200.0,2024-12-11 00:00:00,170.69
2025-12-03,170.14,177.91,168.83,176.08,30541600,166.14,173.11,179.09,141.36,169.28,172.26,173.92,147.1,混合,19.7,24.56,52.2,8.99,54357200.0,0.6,2025-02-19 00:00:00,2025-12-03 00:00:00,200.0,2024-12-11 00:00:00,176.08
2025-12-04,176.37,178.44,174.43,177.92,29217800,169.03,172.5,179.27,141.69,171.2,172.78,174.07,147.4,混合,20.7,25.57,53.7,8.63,52012040.0,0.6,2025-02-20 00:00:00,2025-12-04 00:00:00,200.0,2024-12-11 00:00:00,177.92
2025-12-05,178.23,182.15,177.16,181.76,32079300,171.46,172.21,179.35,142.07,173.55,173.6,174.34,147.75,混合,23.02,27.94,56.7,8.37,49692575.0,0.6,2025-02-21 00:00:00,2025-12-05 00:00:00,200.0,2024-12-11 00:00:00,181.76
2025-12-08,182.21,183.88,179.54,181.49,30456700,173.71,172.52,179.34,142.47,175.31,174.31,174.6,148.08,混合,22.56,27.39,56.4,8.09,47515925.0,0.6,2025-02-24 00:00:00,2025-12-08 00:00:00,200.0,2024-12-11 00:00:00,181.49
2025-12-09,180.97,182.85,180.38,181.84,18937600,175.72,172.7,179.38,142.93,176.76,175.0,174.85,148.42,完整多头,22.52,27.23,56.7,7.68,44074595.0,0.4,2025-02-25 00:00:00,2025-12-09 00:00:00,200.0,2024-12-11 00:00:00,181.84
2025-12-10,184.95,190.39,182.75,187.91,59398000,178.15,172.43,179.48,143.43,179.24,176.17,175.32,148.81,完整多头,26.27,31.01,61.5,7.75,44553510.0,1.3,2025-02-26 00:00:00,2025-12-10 00:00:00,200.0,2024-12-11 00:00:00,187.91
2025-12-11,184.8,188.05,180.21,187.54,36843200,180.65,172.27,179.63,143.92,181.08,177.2,175.76,149.2,完整多头,25.7,30.31,61.1,7.75,43628315.0,0.8,2025-02-27 00:00:00,2025-12-11 00:00:00,200.0,2024-12-11 00:00:00,187.54
2025-12-12,185.81,186.52,177.67,183.57,42427400,182.26,172.24,179.71,144.41,181.64,177.78,176.04,149.54,完整多头,22.76,27.11,56.3,7.9,42590245.0,1.0,2025-02-28 00:00:00,2025-12-12 00:00:00,200.0,2024-12-11 00:00:00,183.57
2025-12-15,185.08,187.78,180.03,183.25,32796100,183.16,172.77,179.81,144.9,182.0,178.28,176.29,149.87,完整多头,22.27,26.46,56.0,7.89,41100210.0,0.8,2025-03-03 00:00:00,2025-12-15 00:00:00,200.0,2024-12-11 00:00:00,183.25
2025-12-16,181.65,188.5,181.14,187.75,42070300,184.39,173.42,179.97,145.43,183.27,179.14,176.7,150.25,完整多头,24.96,29.1,60.0,7.86,40686775.0,1.0,2025-03-04 00:00:00,2025-12-16 00:00:00,200.0,2024-12-11 00:00:00,187.75
2025-12-17,187.71,187.75,176.5,177.29,50424700,183.83,173.71,179.88,145.89,181.94,178.97,176.72,150.52,混合,17.79,21.52,48.8,8.1,40522505.0,1.2,2025-03-05 00:00:00,2025-12-17 00:00:00,200.0,2024-12-11 00:00:00,177.29
2025-12-18,181.51,187.33,181.51,185.69,40221500,184.35,174.59,179.89,146.37,182.78,179.58,177.04,150.87,完整多头,23.08,26.86,55.9,8.24,40228170.0,1.0,2025-03-06 00:00:00,2025-12-18 00:00:00,200.0,2024-12-11 00:00:00,185.69
2025-12-19,186.74,195.0,186.73,193.38,76929400,185.8,175.92,180.01,146.93,185.13,180.84,177.63,151.29,完整多头,27.82,31.61,61.2,8.31,40152445.0,1.9,2025-03-07 00:00:00,2025-12-19 00:00:00,200.0,2024-12-11 00:00:00,193.38
2025-12-22,195.04,198.88,192.43,193.98,36686000,186.56,177.74,180.39,147.48,187.1,182.03,178.21,151.72,完整多头,27.86,31.53,61.6,8.18,38419425.0,1.0,2025-03-10 00:00:00,2025-12-22 00:00:00,200.0,2024-12-11 00:00:00,193.98
2025-12-23,192.82,195.37,191.74,194.13,24041000,187.38,179.61,180.65,148.07,188.66,183.13,178.78,152.14,完整多头,27.6,31.11,61.7,7.86,36727585.0,0.7,2025-03-11 00:00:00,2025-12-23 00:00:00,200.0,2024-12-11 00:00:00,194.13
2025-12-24,193.16,195.17,192.83,194.17,11710100,188.7,181.13,180.87,148.65,189.89,184.14,179.33,152.56,完整多头,27.28,30.62,61.8,7.46,35486915.0,0.3,2025-03-12 00:00:00,2025-12-24 00:00:00,200.0,2024-12-11 00:00:00,194.17
2025-12-26,195.01,196.35,188.62,188.71,26262000,189.39,182.33,180.96,149.17,189.62,184.55,179.66,152.92,混合,23.41,26.5,55.5,7.48,35069490.0,0.7,2025-03-13 00:00:00,2025-12-26 00:00:00,200.0,2024-12-11 00:00:00,188.71
2025-12-29,186.85,187.2,183.64,184.18,28242000,188.94,183.2,180.94,149.7,188.41,184.52,179.83,153.23,混合,20.2,23.04,50.8,7.31,35621615.0,0.8,2025-03-14 00:00:00,2025-12-29 00:00:00,200.0,2024-12-11 00:00:00,184.18
2025-12-30,184.35,184.73,180.7,180.84,23336300,189.39,183.79,181.04,150.17,186.73,184.18,179.86,153.5,混合,17.81,20.42,47.6,7.07,35399450.0,0.7,2025-03-17 00:00:00,2025-12-30 00:00:00,200.0,2024-12-11 00:00:00,180.84
2025-12-31,181.13,181.53,177.25,177.75,22997400,188.39,184.28,181.05,150.62,184.74,183.6,179.79,153.74,混合,15.61,18.01,44.9,6.87,34780920.0,0.7,2025-03-18 00:00:00,2025-12-31 00:00:00,200.0,2024-12-11 00:00:00,177.75
2026-01-02,181.3,181.35,166.35,167.86,60634100,185.2,184.15,180.83,151.04,180.99,182.17,179.36,153.89,混合,9.08,11.14,37.3,7.46,36285545.0,1.7,2025-03-19 00:00:00,2026-01-02 00:00:00,200.0,2024-12-11 00:00:00,167.86
2026-01-05,174.88,175.82,171.79,174.04,39511700,182.71,184.05,180.73,151.48,179.44,181.43,179.17,154.09,混合,12.95,14.89,43.7,7.49,36800240.0,1.1,2025-03-20 00:00:00,2026-01-05 00:00:00,200.0,2024-12-11 00:00:00,174.04
2026-01-06,175.76,180.19,174.77,179.71,34838600,180.91,184.14,180.76,151.94,179.5,181.27,179.19,154.34,混合,16.44,18.28,48.8,7.4,36938205.0,0.9,2025-03-21 00:00:00,2026-01-06 00:00:00,200.0,2024-12-11 00:00:00,179.71
2026-01-07,179.8,187.28,177.66,181.68,45349000,179.35,184.13,180.82,152.4,179.99,181.31,179.28,154.61,混合,17.51,19.22,50.5,7.55,37682820.0,1.2,2025-03-24 00:00:00,2026-01-07 00:00:00,200.0,2024-12-11 00:00:00,181.68
2026-01-08,185.62,185.66,174.37,176.86,47304300,177.86,183.91,180.74,152.8,179.29,180.91,179.19,154.83,混合,14.23,15.75,46.5,7.82,39101155.0,1.2,2025-03-25 00:00:00,2026-01-08 00:00:00,200.0,2024-12-11 00:00:00,176.86
2026-01-09,177.02,178.72,174.75,177.49,31362900,177.03,183.7,180.66,153.2,178.89,180.59,179.13,155.06,混合,14.47,15.85,47.1,7.55,37699400.0,0.8,2025-03-26 00:00:00,2026-01-09 00:00:00,200.0,2024-12-11 00:00:00,177.49
2026-01-12,177.68,182.5,176.34,179.41,34954500,176.85,183.3,180.74,153.64,179.01,180.49,179.14,155.3,混合,15.52,16.78,48.9,7.45,37604965.0,0.9,2025-03-27 00:00:00,2026-01-12 00:00:00,200.0,2024-12-11 00:00:00,179.41
2026-01-13,178.88,181.1,176.14,178.96,27769400,177.0,182.89,180.71,154.08,179.0,180.35,179.14,155.54,混合,15.06,16.15,48.5,7.27,36872065.0,0.8,2025-03-28 00:00:00,2026-01-13 00:00:00,200.0,2024-12-11 00:00:00,178.96
2026-01-14,178.12,181.6,173.95,178.4,33651400,178.32,182.64,180.6,154.54,178.86,180.17,179.11,155.76,混合,14.53,15.44,47.9,7.3,36914830.0,0.9,2025-03-31 00:00:00,2026-01-14 00:00:00,200.0,2024-12-11 00:00:00,178.4
2026-01-15,178.71,180.6,176.53,177.07,31109200,178.7,182.35,180.38,155.01,178.46,179.89,179.04,155.98,混合,13.52,14.23,46.5,7.07,36366775.0,0.9,2025-04-01 00:00:00,2026-01-15 00:00:00,200.0,2024-12-11 00:00:00,177.07
2026-01-16,179.36,182.43,170.01,170.96,59483600,177.6,181.55,180.04,155.44,176.8,179.08,178.75,156.13,混合,9.5,9.99,40.7,7.45,36819720.0,1.6,2025-04-02 00:00:00,2026-01-16 00:00:00,200.0,2024-12-11 00:00:00,170.96
2026-01-20,167.62,171.97,166.24,168.53,36708500,175.96,181.13,179.49,155.84,174.96,178.12,178.38,156.25,混合,7.86,8.14,38.6,7.33,36644070.0,1.0,2025-04-03 00:00:00,2026-01-20 00:00:00,200.0,2024-12-11 00:00:00,168.53
2026-01-21,168.4,169.49,161.11,165.33,47851200,174.52,180.16,178.95,156.25,172.82,176.96,177.92,156.34,混合,5.75,5.81,36.0,7.4,35190160.0,1.4,2025-04-04 00:00:00,2026-01-21 00:00:00,200.0,2024-12-11 00:00:00,165.33
2026-01-22,168.93,169.0,164.95,165.9,28499500,173.07,178.86,178.33,156.71,171.28,175.95,177.49,156.43,混合,6.05,5.86,36.8,7.16,34780835.0,0.8,2025-04-07 00:00:00,2026-01-22 00:00:00,200.0,2024-12-11 00:00:00,165.9
2026-01-23,167.27,172.0,166.3,169.6,30285700,171.84,177.69,177.64,157.17,170.91,175.37,177.21,156.57,混合,8.33,7.91,42.0,7.09,35093070.0,0.9,2025-04-08 00:00:00,2026-01-23 00:00:00,200.0,2024-12-11 00:00:00,169.6
2026-01-26,168.21,170.59,167.32,167.47,22777200,170.41,176.42,177.22,157.62,170.14,174.66,176.86,156.67,混合,6.89,6.25,40.0,6.81,35646425.0,0.6,2025-04-09 00:00:00,2026-01-26 00:00:00,200.0,2024-12-11 00:00:00,167.47
2026-01-27,167.48,169.44,164.69,165.7,26542300,168.82,175.07,176.82,157.99,169.16,173.84,176.46,156.76,混合,5.7,4.88,38.3,6.67,35660440.0,0.7,2025-04-10 00:00:00,2026-01-27 00:00:00,200.0,2024-12-11 00:00:00,165.7
2026-01-28,164.4,165.04,157.24,157.35,44822800,166.36,173.58,176.49,158.33,166.53,172.34,175.78,156.77,混合,0.37,-0.62,31.7,6.79,36489480.0,1.2,2025-04-11 00:00:00,2026-01-28 00:00:00,200.0,2024-12-11 00:00:00,157.35
2026-01-29,157.63,157.63,147.12,151.86,59846800,163.97,172.04,176.02,158.65,163.27,170.48,174.92,156.72,混合,-3.1,-4.28,28.2,7.06,38315005.0,1.6,2025-04-14 00:00:00,2026-01-29 00:00:00,200.0,2024-12-11 00:00:00,151.86
2026-01-30,150.05,151.0,145.14,146.59,47271000,161.23,170.41,175.17,158.92,159.57,168.31,173.91,156.62,混合,-6.4,-7.76,25.3,7.03,39528685.0,1.2,2025-04-15 00:00:00,2026-01-30 00:00:00,200.0,2024-12-11 00:00:00,146.59
2026-02-02,150.94,151.4,146.65,147.76,72811100,159.03,168.98,174.38,159.17,156.94,166.44,172.98,156.53,混合,-5.6,-7.17,27.1,6.88,40137535.0,1.8,2025-04-16 00:00:00,2026-02-02 00:00:00,200.0,2024-12-11 00:00:00,147.76
2026-02-03,165.05,165.08,153.12,157.88,113169200,158.03,168.5,173.9,159.49,157.15,165.66,172.44,156.55,混合,0.85,-1.01,40.3,7.62,43820410.0,2.6,2025-04-17 00:00:00,2026-02-03 00:00:00,200.0,2024-12-11 00:00:00,157.88
2026-02-04,155.41,155.85,135.68,139.54,113199500,154.27,166.86,173.31,159.72,153.24,163.29,171.26,156.38,混合,-10.77,-12.64,29.8,8.66,47738455.0,2.4,2025-04-21 00:00:00,2026-02-04 00:00:00,200.0,2024-12-11 00:00:00,139.54
2026-02-05,136.82,137.98,128.32,130.01,93690800,149.59,164.49,172.51,159.92,148.08,160.26,169.79,156.11,混合,-16.72,-18.7,26.0,8.85,50155545.0,1.9,2025-04-22 00:00:00,2026-02-05 00:00:00,200.0,2024-12-11 00:00:00,130.01
2026-02-06,135.33,137.69,132.35,135.9,62661400,145.86,162.31,171.87,160.13,145.37,158.05,168.58,155.91,混合,-12.84,-15.13,31.8,8.76,50923400.0,1.2,2025-04-23 00:00:00,2026-02-06 00:00:00,200.0,2024-12-11 00:00:00,135.9
2026-02-09,136.58,145.87,134.78,142.91,58042500,144.06,160.7,171.42,160.34,144.82,156.67,167.66,155.78,混合,-8.26,-10.87,38.0,8.93,52257380.0,1.1,2025-04-24 00:00:00,2026-02-09 00:00:00,200.0,2024-12-11 00:00:00,142.91
2026-02-10,144.96,145.56,137.77,139.51,56061300,142.51,158.89,170.95,160.5,143.64,155.11,166.66,155.62,混合,-10.35,-13.08,36.3,8.85,53312720.0,1.1,2025-04-25 00:00:00,2026-02-10 00:00:00,200.0,2024-12-11 00:00:00,139.51
2026-02-11,139.02,139.25,132.95,135.68,52796100,141.15,156.81,170.59,160.61,141.87,153.34,165.55,155.42,混合,-12.7,-15.52,34.4,8.68,54564055.0,1.0,2025-04-28 00:00:00,2026-02-11 00:00:00,200.0,2024-12-11 00:00:00,135.68
2026-02-12,135.36,135.89,126.56,129.13,74090600,138.82,154.43,170.12,160.68,139.04,151.14,164.25,155.16,混合,-16.78,-19.64,31.4,8.73,56586015.0,1.3,2025-04-29 00:00:00,2026-02-12 00:00:00,200.0,2024-12-11 00:00:00,129.13
2026-02-13,127.9,133.56,126.23,131.41,49438100,135.51,152.19,169.56,160.76,137.35,149.35,163.08,154.92,混合,-15.18,-18.26,33.5,8.63,57502460.0,0.9,2025-04-30 00:00:00,2026-02-13 00:00:00,200.0,2024-12-11 00:00:00,131.41
2026-02-17,128.9,134.32,127.29,133.02,48407100,134.7,150.1,169.0,160.83,136.38,147.86,162.0,154.71,混合,-14.02,-17.29,35.1,8.52,56948635.0,0.9,2025-05-01 00:00:00,2026-02-17 00:00:00,200.0,2024-12-11 00:00:00,133.02
2026-02-18,135.89,140.96,134.87,135.38,59677100,135.37,148.4,168.45,160.93,136.16,146.73,161.05,154.51,混合,-12.38,-15.88,37.4,8.47,58097065.0,1.0,2025-05-02 00:00:00,2026-02-18 00:00:00,200.0,2024-12-11 00:00:00,135.38
2026-02-19,132.31,136.16,131.01,134.89,42197200,135.24,146.8,167.84,160.98,135.88,145.65,160.12,154.32,混合,-12.59,-16.21,37.1,8.24,57814365.0,0.7,2025-05-05 00:00:00,2026-02-19 00:00:00,200.0,2024-12-11 00:00:00,134.89
2026-02-20,132.37,136.21,131.17,135.24,53726800,134.28,145.37,167.25,161.04,135.74,144.71,159.23,154.13,混合,-12.26,-16.02,37.5,8.01,59075730.0,0.9,2025-05-06 00:00:00,2026-02-20 00:00:00,200.0,2024-12-11 00:00:00,135.24
2026-02-23,132.04,132.04,127.39,130.6,52512200,133.17,143.69,166.52,161.15,134.6,143.42,158.21,153.9,混合,-15.14,-18.96,34.5,8.0,60187055.0,0.9,2025-05-07 00:00:00,2026-02-23 00:00:00,200.0,2024-12-11 00:00:00,130.6
2026-02-24,129.01,130.24,126.37,128.84,47121400,132.31,141.75,165.67,161.24,133.32,142.1,157.16,153.65,混合,-16.14,-20.09,33.4,7.73,61404265.0,0.8,2025-05-08 00:00:00,2026-02-24 00:00:00,200.0,2024-12-11 00:00:00,128.84
2026-02-25,130.61,136.09,129.18,134.19,53078300,132.95,140.16,164.87,161.32,133.51,141.38,156.34,153.45,混合,-12.55,-16.82,39.7,7.69,62731065.0,0.8,2025-05-09 00:00:00,2026-02-25 00:00:00,200.0,2024-12-11 00:00:00,134.19
2026-02-26,133.85,137.51,132.63,135.94,45100000,133.51,138.74,164.04,161.41,134.05,140.89,155.61,153.28,混合,-11.31,-15.78,41.6,7.49,62744925.0,0.7,2025-05-12 00:00:00,2026-02-26 00:00:00,200.0,2024-12-11 00:00:00,135.94
2026-02-27,134.07,138.1,133.98,137.19,59412400,134.03,137.78,163.23,161.5,134.75,140.55,154.95,153.12,混合,-10.4,-15.05,43.0,7.25,62723205.0,0.9,2025-05-13 00:00:00,2026-02-27 00:00:00,200.0,2024-12-11 00:00:00,137.19
2026-03-02,140.77,147.14,140.52,145.17,72683900,135.26,137.47,162.57,161.59,137.06,140.97,154.6,153.04,混合,-5.14,-10.16,51.1,7.45,63993850.0,1.1,2025-05-14 00:00:00,2026-03-02 00:00:00,200.0,2024-12-11 00:00:00,145.17
2026-03-03,142.1,147.5,138.2,147.22,67460200,136.8,137.5,161.83,161.67,139.32,141.54,154.34,152.98,混合,-3.77,-8.94,53.0,7.58,63726305.0,1.1,2025-05-15 00:00:00,2026-03-03 00:00:00,200.0,2024-12-11 00:00:00,147.22
2026-03-04,148.43,154.52,148.06,153.19,60062200,139.04,137.75,161.2,161.8,142.4,142.6,154.3,152.98,混合,0.14,-5.32,58.0,7.56,61070955.0,1.0,2025-05-16 00:00:00,2026-03-04 00:00:00,200.0,2024-12-11 00:00:00,153.19
2026-03-05,152.94,156.38,149.61,152.67,50714500,141.8,137.51,160.64,161.91,144.68,143.51,154.24,152.98,混合,-0.2,-5.71,57.4,7.5,57946705.0,0.9,2025-05-19 00:00:00,2026-03-05 00:00:00,200.0,2024-12-11 00:00:00,152.67
2026-03-06,150.44,161.45,150.29,157.16,74980900,145.34,138.35,160.16,162.07,147.46,144.75,154.34,153.02,混合,2.7,-3.03,61.0,7.76,57011210.0,1.3,2025-05-20 00:00:00,2026-03-06 00:00:00,200.0,2024-12-11 00:00:00,157.16
2026-03-09,155.69,158.44,152.97,156.43,47574200,148.12,139.6,159.6,162.22,149.45,145.81,154.42,153.06,混合,2.2,-3.57,60.1,7.6,56256850.0,0.8,2025-05-21 00:00:00,2026-03-09 00:00:00,200.0,2024-12-11 00:00:00,156.43
2026-03-10,155.99,156.66,150.14,151.14,47501400,150.02,140.33,159.12,162.37,149.83,146.3,154.3,153.04,混合,-1.24,-6.92,54.0,7.52,55729795.0,0.9,2025-05-22 00:00:00,2026-03-10 00:00:00,200.0,2024-12-11 00:00:00,151.14
2026-03-11,151.38,153.17,149.33,151.6,33955900,151.82,140.74,158.5,162.52,150.22,146.78,154.2,153.02,混合,-0.93,-6.72,54.4,7.26,54624525.0,0.6,2025-05-23 00:00:00,2026-03-11 00:00:00,200.0,2024-12-11 00:00:00,151.6
2026-03-12,153.01,155.88,150.98,153.5,54409800,152.86,141.41,157.78,162.67,150.95,147.39,154.18,153.03,混合,0.31,-5.64,56.2,7.09,54705210.0,1.0,2025-05-27 00:00:00,2026-03-12 00:00:00,200.0,2024-12-11 00:00:00,153.5
2026-03-13,153.3,154.56,148.58,150.95,42460600,153.33,142.14,156.99,162.81,150.95,147.72,154.06,153.01,混合,-1.34,-7.28,53.2,7.01,53123710.0,0.8,2025-05-28 00:00:00,2026-03-13 00:00:00,200.0,2024-12-11 00:00:00,150.95
2026-03-16,152.45,153.86,151.17,152.72,32898900,153.27,143.26,156.24,162.95,151.34,148.17,154.02,153.0,混合,-0.19,-6.28,55.0,6.72,52296750.0,0.6,2025-05-29 00:00:00,2026-03-16 00:00:00,200.0,2024-12-11 00:00:00,152.72
2026-03-17,152.4,156.75,152.12,155.08,37118500,153.57,144.39,155.53,163.12,152.17,148.8,154.05,153.02,混合,1.34,-4.93,57.4,6.57,51732320.0,0.7,2025-05-30 00:00:00,2026-03-17 00:00:00,200.0,2024-12-11 00:00:00,155.08
2026-03-18,154.95,156.69,152.61,152.77,32476700,153.02,145.33,154.88,163.22,152.31,149.16,154.01,153.02,混合,-0.16,-6.4,54.3,6.39,50372300.0,0.6,2025-06-02 00:00:00,2026-03-18 00:00:00,200.0,2024-12-11 00:00:00,152.77
2026-03-19,153.1,156.15,150.5,155.68,33915900,152.93,146.29,154.36,163.34,153.06,149.75,154.07,153.05,混合,1.72,-4.69,57.4,6.34,49958235.0,0.7,2025-06-03 00:00:00,2026-03-19 00:00:00,200.0,2024-12-11 00:00:00,155.68
2026-03-20,155.2,156.65,149.09,150.68,48700200,152.87,147.05,153.81,163.43,152.53,149.84,153.95,153.02,混合,-1.53,-7.8,51.0,6.43,49706905.0,1.0,2025-06-04 00:00:00,2026-03-20 00:00:00,200.0,2024-12-11 00:00:00,150.68
2026-03-23,153.24,161.08,153.24,160.84,57507100,154.03,148.26,153.5,163.58,154.37,150.84,154.19,153.1,混合,5.05,-1.68,60.6,6.71,49956650.0,1.2,2025-06-05 00:00:00,2026-03-23 00:00:00,200.0,2024-12-11 00:00:00,160.84
2026-03-24,160.07,162.4,151.64,154.78,56155700,154.19,149.42,153.26,163.76,154.46,151.2,154.21,153.12,混合,1.08,-5.48,53.9,7.0,50408365.0,1.1,2025-06-06 00:00:00,2026-03-24 00:00:00,200.0,2024-12-11 00:00:00,154.78
2026-03-25,157.42,160.27,154.85,154.96,38543300,154.69,150.66,152.92,163.89,154.57,151.54,154.24,153.14,混合,1.19,-5.45,54.0,6.89,49681615.0,0.8,2025-06-09 00:00:00,2026-03-25 00:00:00,200.0,2024-12-11 00:00:00,154.96
2026-03-26,153.05,153.12,147.25,147.56,43038400,154.04,151.3,152.33,163.97,153.02,151.18,154.0,153.08,混合,-3.61,-10.01,46.7,6.95,49578535.0,0.9,2025-06-10 00:00:00,2026-03-26 00:00:00,200.0,2024-12-11 00:00:00,147.56
2026-03-27,145.88,145.96,141.56,143.06,35790800,152.54,151.64,151.63,164.02,150.8,150.44,153.61,152.98,混合,-6.49,-12.78,42.8,6.88,48397455.0,0.7,2025-06-11 00:00:00,2026-03-27 00:00:00,200.0,2024-12-11 00:00:00,143.06
2026-03-30,143.27,144.12,136.3,137.55,41289800,150.64,151.65,150.92,164.03,147.86,149.27,153.04,152.83,混合,-10.0,-16.14,38.7,6.95,46827750.0,0.9,2025-06-12 00:00:00,2026-03-30 00:00:00,200.0,2024-12-11 00:00:00,137.55
2026-03-31,140.02,147.86,138.97,146.28,45558600,149.46,151.71,150.35,164.08,147.51,148.99,152.8,152.76,混合,-4.24,-10.85,47.4,7.19,45732670.0,1.0,2025-06-13 00:00:00,2026-03-31 00:00:00,200.0,2024-12-11 00:00:00,146.28
2026-04-01,147.0,148.3,144.47,146.49,34171000,148.94,151.67,149.75,164.13,147.28,148.77,152.57,152.7,空头排列,-4.07,-10.75,47.6,6.95,44438110.0,0.8,2025-06-16 00:00:00,2026-04-01 00:00:00,200.0,2024-12-11 00:00:00,146.49
2026-04-02,143.49,148.51,137.99,148.46,30437000,147.39,151.45,149.19,164.16,147.54,148.74,152.42,152.66,混合,-2.75,-9.57,49.5,7.2,43424235.0,0.7,2025-06-17 00:00:00,2026-04-02 00:00:00,200.0,2024-12-11 00:00:00,148.46
2026-04-06,148.36,150.61,146.63,147.93,25142200,146.54,151.22,148.64,164.21,147.63,148.67,152.26,152.61,混合,-3.07,-9.92,49.0,6.97,40932300.0,0.6,2025-06-18 00:00:00,2026-04-06 00:00:00,200.0,2024-12-11 00:00:00,147.93
2026-04-07,146.88,150.27,144.45,150.07,28671100,145.93,150.88,148.15,164.26,148.17,148.79,152.19,152.59,混合,-1.65,-8.64,51.2,6.89,39987145.0,0.7,2025-06-20 00:00:00,2026-04-07 00:00:00,200.0,2024-12-11 00:00:00,150.07
2026-04-08,154.76,156.28,139.17,140.76,64827700,145.08,150.14,147.6,164.28,146.52,148.06,151.78,152.47,空头排列,-7.68,-14.32,42.6,7.62,40853460.0,1.6,2025-06-23 00:00:00,2026-04-08 00:00:00,200.0,2024-12-11 00:00:00,140.76
2026-04-09,139.4,139.54,128.47,130.49,92361400,143.5,149.15,146.91,164.23,142.96,146.47,151.02,152.25,空头排列,-14.29,-20.55,35.6,7.95,43773735.0,2.1,2025-06-24 00:00:00,2026-04-09 00:00:00,200.0,2024-12-11 00:00:00,130.49
2026-04-10,128.48,129.2,122.68,128.06,116656800,142.32,148.03,146.23,164.16,139.65,144.79,150.2,152.01,空头排列,-15.76,-21.99,34.1,7.94,46886085.0,2.5,2025-06-25 00:00:00,2026-04-10 00:00:00,200.0,2024-12-11 00:00:00,128.06
2026-04-13,130.23,134.42,129.15,132.37,65772800,140.58,147.03,145.62,164.11,138.03,143.66,149.56,151.81,空头排列,-12.81,-19.34,38.9,7.83,48051695.0,1.4,2025-06-26 00:00:00,2026-04-13 00:00:00,200.0,2024-12-11 00:00:00,132.37
2026-04-14,134.43,138.07,134.0,135.7,52786800,139.23,146.3,145.01,164.06,137.51,142.94,149.07,151.65,空头排列,-10.52,-17.29,42.3,7.68,49046090.0,1.1,2025-06-27 00:00:00,2026-04-14 00:00:00,200.0,2024-12-11 00:00:00,135.7
2026-04-15,136.79,142.58,134.93,142.15,48389400,138.44,145.8,144.55,164.12,138.54,142.87,148.82,151.56,混合,-6.21,-13.39,48.4,7.68,49609635.0,1.0,2025-06-30 00:00:00,2026-04-15 00:00:00,200.0,2024-12-11 00:00:00,142.15
2026-04-16,144.29,145.55,139.53,142.76,43746000,137.79,145.21,144.13,164.15,139.48,142.86,148.6,151.47,混合,-5.75,-13.03,48.9,7.56,50173100.0,0.9,2025-07-01 00:00:00,2026-04-16 00:00:00,200.0,2024-12-11 00:00:00,142.76
2026-04-17,145.32,148.28,143.3,146.39,50657600,137.33,144.91,143.93,164.23,141.02,143.18,148.52,151.42,混合,-3.32,-10.86,52.2,7.41,51010185.0,1.0,2025-07-02 00:00:00,2026-04-17 00:00:00,200.0,2024-12-11 00:00:00,146.39
2026-04-20,145.0,147.2,143.83,145.89,33482700,137.98,144.44,143.82,164.3,142.1,143.43,148.43,151.37,混合,-3.62,-11.2,51.7,7.12,50249310.0,0.7,2025-07-03 00:00:00,2026-04-20 00:00:00,200.0,2024-12-11 00:00:00,145.89
2026-04-21,146.81,149.87,144.0,145.97,44830000,139.91,144.22,143.81,164.36,142.96,143.66,148.34,151.31,混合,-3.53,-11.19,51.8,7.03,49615455.0,0.9,2025-07-07 00:00:00,2026-04-21 00:00:00,200.0,2024-12-11 00:00:00,145.97
2026-04-22,148.36,152.68,147.41,152.62,43701500,142.98,143.82,143.9,164.43,145.11,144.47,148.49,151.33,混合,0.86,-7.18,57.8,7.01,48992745.0,0.9,2025-07-08 00:00:00,2026-04-22 00:00:00,200.0,2024-12-11 00:00:00,152.62
2026-04-23,149.7,150.29,139.92,141.57,58406100,144.13,143.19,143.6,164.43,144.32,144.21,148.25,151.23,混合,-6.39,-13.9,47.2,7.42,49985885.0,1.2,2025-07-09 00:00:00,2026-04-23 00:00:00,200.0,2024-12-11 00:00:00,141.57
